42282053;Leandra Anna Malo Alba;(598) 451-5865;uraeus@mac.com;8/12/1984;FALSE;FALSE;7943 S. Fifth Street;Bergenfield, NJ 07621
43464363;Severo Granados Iglesia;(869) 771-1487;bhima@me.com;12/8/1986;FALSE;FALSE;77 Lyme Street;Hermitage, TN 37076
33243072;Lucho Andreu Amat;(246) 245-7306;psichel@sbcglobal.net;16/4/1990;FALSE;FALSE;9448 Fairfield St.;Aberdeen, SD 57401
38934632;Matías Mauricio Castillo Barrera;(707) 933-2513;tbeck@optonline.net;2/12/1996;FALSE;FALSE;8143 College St.;Trussville, AL 35173
46035404;Mauricio Guijarro Castelló;(612) 325-0216;eegsa@yahoo.ca;14/5/1984;FALSE;FALSE;9893 W. Vale Ave.;Billings, MT 59101
48363723;Isaura Leyre Avilés Pelayo;(992) 564-5230;barlow@verizon.net;18/4/1987;FALSE;FALSE;8094 Albany Drive;Poughkeepsie, NY 12601
33813794;Soraya Morera-Lago;(651) 544-1246;wkrebs@me.com;27/11/1990;FALSE;FALSE;9001 Creek Street;Lawrence, MA 01841
48824924;Victoriano Tapia-Cabanillas;(851) 782-6044;dleconte@outlook.com;6/3/1981;FALSE;FALSE;57 Green Drive;Fair Lawn, NJ 07410
37441794;Nidia Saez Campoy Perez;(265) 609-6654;flakeg@verizon.net;28/4/1980;FALSE;FALSE;86 Surrey St.;Kennewick, WA 99337
47070800;Teófila Villanueva Molina;(305) 491-4988;slaff@icloud.com;4/1/1987;FALSE;FALSE;8728 Boston Street;Rego Park, NY 11374
48645880;Trini de Alberdi;(561) 649-7485;uncle@hotmail.com;4/12/1990;FALSE;FALSE;45 Heritage Ave.;Fall River, MA 02720
46443453;Dani Perez;(966) 735-9451;vsprintf@hotmail.com;20/10/1977;FALSE;FALSE;9334 Hillside Street;Grand Blanc, MI 48439
37136814;Angelina de Arregui;(711) 282-2848;chinthaka@yahoo.ca;21/2/2000;FALSE;FALSE;611 Academy Street;Dalton, GA 30721
32631424;Samuel de Perez Carranza;(337) 397-0627;ntegrity@optonline.net;16/5/1999;FALSE;FALSE;7201 Mill Street;Marcus Hook, PA 19061
43622133;Jacinta Montenegro Garcés;(969) 383-4277;yangyan@yahoo.ca;13/3/1994;FALSE;FALSE;59 Ridgewood Ave.;Reynoldsburg, OH 43068
35945228;Lisandro Delgado Nadal;(748) 495-1748;ilyaz@me.com;18/4/1980;FALSE;FALSE;270 West Green Lake St.;Louisville, KY 40207
46479427;Samanta Manjón Godoy;(494) 813-5651;njpayne@hotmail.com;3/3/1980;FALSE;FALSE;9481 S. Chestnut St.;Morristown, NJ 07960
33053664;Albano Teodosio Cañete Rosa;(779) 217-3175;ralamosm@gmail.com;4/4/1981;FALSE;FALSE;7 N. Annadale Street;Eugene, OR 97402
43679775;Abel Perez;(904) 204-2255;bartak@sbcglobal.net;12/6/1988;FALSE;FALSE;88 Pheasant Rd.;Bridgeton, NJ 08302
36688177;Bienvenida Pulido Cózar;(932) 307-3409;improv@me.com;21/1/1994;FALSE;FALSE;8 Galvin Street;Seymour, IN 47274
43869850;Patricio Manzano Pomares;(993) 960-7653;arnold@live.com;1/7/1979;FALSE;FALSE;9 Marconi Road;Eastpointe, MI 48021
43177626;Modesto de Casares;(611) 927-0572;ismail@comcast.net;13/12/1975;FALSE;FALSE;8842 Old Van Dyke Ave.;Nanuet, NY 10954
47383059;Berto de Perez Morales;(283) 384-7846;wilsonpm@aol.com;30/10/1987;FALSE;FALSE;471 S. Cambridge Drive;Fairborn, OH 45324
38532621;Nuria Daniela Jáuregui Tejero;(677) 875-1069;barjam@icloud.com;2/7/1979;FALSE;FALSE;9 Military Dr.;Yuba City, CA 95993
47959804;Anastasia Pedrero Solera;(886) 929-9282;michiel@msn.com;29/8/1986;FALSE;FALSE;8388 Pheasant Street;Powder Springs, GA 30127
39038018;Purificación Salomé Ferrán Valero;(596) 660-5408;gamma@hotmail.com;29/9/1984;FALSE;FALSE;221 Dogwood Dr.;El Paso, TX 79930
42979726;Melania Cobos Lozano;(768) 242-5793;dhrakar@live.com;15/4/1989;FALSE;FALSE;911 Charles St.;East Lansing, MI 48823
35877853;Evangelina Font Lago;(483) 388-3044;themer@icloud.com;26/3/1978;FALSE;FALSE;176 Henry Smith Ave.;Westland, MI 48185
46568218;Otilia Mercader Jimenez;(525) 814-4351;leocharre@me.com;21/6/1986;FALSE;FALSE;323 1st St.;Salt Lake City, UT 84119
37405512;Nadia Reyes-Bosch;(872) 458-4785;kewley@icloud.com;14/3/1997;FALSE;FALSE;8127 Pawnee Lane;Pikesville, MD 21208
48572426;Mireia Córdoba Pi;(600) 318-8808;murdocj@mac.com;21/10/1993;FALSE;FALSE;7813 Helen Ave.;West Springfield, MA 01089
35906604;Melisa Rueda Rosado;(437) 406-2974;webinc@msn.com;28/9/1970;FALSE;FALSE;353 Canterbury Dr.;Mahwah, NJ 07430
38498559;Trini Sanabria-Frías;(615) 712-3381;mrsam@yahoo.ca;22/5/1989;FALSE;FALSE;61 Addison Dr.;Park Forest, IL 60466
35895266;Lucía Manola Briones Jove;(651) 742-1141;sassen@aol.com;28/11/1993;FALSE;FALSE;810 West Mill St.;Westfield, MA 01085
38427644;Natalio Pereira Barrio;(517) 690-8580;emmanuel@att.net;19/9/1970;FALSE;FALSE;51 Mayfair Court;Dothan, AL 36301
43923101;Nerea Alcalde Solé;(616) 766-2111;naoya@mac.com;3/2/1984;FALSE;FALSE;840 Oak Meadow Ave.;Klamath Falls, OR 97603
48739819;Gracia Goicoechea Alba;(685) 726-6159;slanglois@hotmail.com;10/12/1980;FALSE;FALSE;257 Pheasant Drive;Hialeah, FL 33010
39713898;Toño Hidalgo Blázquez;(737) 772-3449;improv@comcast.net;24/11/1988;FALSE;FALSE;30 N. Park Avenue;Howard Beach, NY 11414
40680238;Cándida Sedano Jiménez;(876) 612-6879;noneme@me.com;16/4/1981;FALSE;FALSE;850 School St.;Wheaton, IL 60187
35211002;Eutimio Barreda Cobos;(669) 791-3350;majordick@yahoo.com;9/5/1999;FALSE;FALSE;59 Atlantic Ave.;Gallatin, TN 37066
48657046;Rosario Yuste Falcón;(642) 368-4225;rgiersig@verizon.net;24/6/1986;FALSE;FALSE;74 Broadway;MILTON KEYNES
49306387;Encarnacion Español Ocaña;(953) 901-9132;smartfart@aol.com;25/3/1985;FALSE;FALSE;MK9 3EN;21 Mill Road
45405923;Magdalena Vilaplana Esteve;(869) 720-8135;jmgomez@verizon.net;26/9/1991;FALSE;FALSE;CREWE;CW90 4ZA
32324734;Adelardo Novoa;(319) 633-9396;msherr@yahoo.com;12/6/1985;FALSE;FALSE;674 High Street;CANTERBURY
39549445;Adoración Rovira Zabala;(731) 945-6687;keutzer@sbcglobal.net;25/10/1977;FALSE;FALSE;CT76 6OB;10 Richmond Road
45276039;Ovidio Lamas;(435) 742-6743;policies@sbcglobal.net;9/3/2000;FALSE;FALSE;DUNDEE;DD84 2WJ
37166028;Reyes Julián Nogués;(684) 330-1830;hwestiii@verizon.net;7/4/1978;FALSE;FALSE;35 The Crescent;SOUTH EAST LONDON
44344392;Adoración Jurado Clemente;(843) 248-6284;hstiles@mac.com;8/12/1976;FALSE;FALSE;SE42 3UM;44 School Lane
40991082;Plácido Zabala Feijoo;(390) 565-9213;xnormal@gmail.com;19/1/1979;FALSE;FALSE;DONCASTER;DN36 9AT
36150021;Abel Alex Cueto López;(951) 953-8812;jgmyers@icloud.com;7/9/1974;FALSE;FALSE;94 The Avenue;BRIGHTON
40278040;Miguela Sanmiguel Paz;(516) 909-2316;oechslin@aol.com;12/4/1976;FALSE;FALSE;BN0 6LJ;290 Albert Road
41463785;Narcisa Villaverde Montes;(833) 629-5357;juerd@outlook.com;17/11/1998;FALSE;FALSE;STOCKPORT;SK35 8CV
35991049;Leonardo Aller Bermúdez;(260) 680-9015;skippy@icloud.com;16/9/1971;FALSE;FALSE;96 The Green;WATFORD
33061691;Javiera Bartolomé Torrens;(724) 882-6713;meinkej@hotmail.com;15/6/1992;FALSE;FALSE;WD65 4RB;9950 Queen Street
41008417;María Carmen de Fuster;(663) 750-6940;staffelb@aol.com;28/8/1973;FALSE;FALSE;WAKEFIELD;WF81 5TB
49088005;Adán Fonseca Marin;(325) 631-2099;heckerman@optonline.net;16/9/1970;FALSE;FALSE;30 Main Road;NORTH WEST LONDON
40114040;Adalberto de Fabra;(594) 787-2465;rjones@verizon.net;23/12/1989;FALSE;FALSE;NW96 2RV;9896 New Road
48341604;Rosalinda Jaume Romero;(720) 491-3517;parrt@verizon.net;25/7/1985;FALSE;FALSE;SHREWSBURY;SY49 2YJ
49678637;Abigaíl Enríquez Carreras;(735) 587-8913;hampton@icloud.com;18/4/1987;FALSE;FALSE;26 North Road;EAST CENTRAL LONDON
40315092;África Perez-Morcillo;(295) 530-5752;claypool@comcast.net;21/2/1999;FALSE;FALSE;EC18 9MF;146 Church Lane
37400715;Gilberto Cárdenas-Esparza;(306) 906-7975;wsnyder@live.com;16/3/1976;TRUE;FALSE;LLANDRINDOD WELLS;LD87 1KV
33719848;Marisela Posada Jover;(452) 597-0784;magusnet@aol.com;21/5/1991;FALSE;FALSE;70 Green Lane;KILMARNOCK
43747841;Begoña Claudia Coello Zabaleta;(363) 441-6561;danneng@optonline.net;11/5/1971;FALSE;FALSE;KA97 3AD;9645 Queensway
40440295;Marcos Arregui Sainz;(550) 890-6346;smallpaul@aol.com;10/4/1977;TRUE;FALSE;ROCHESTER;ME97 9GF
33439876;Venceslás Sastre Peñalver;(906) 421-7305;staikos@optonline.net;3/9/1978;FALSE;FALSE;5 Kingsway;WARRINGTON
32836972;Febe Amaya;(977) 707-4772;bryam@outlook.com;12/7/1980;FALSE;FALSE;WA48 9PQ;512 Stanley Road
47506553;Quirino Granados Verdugo;(871) 218-8630;ccohen@optonline.net;19/12/1992;FALSE;FALSE;BIRMINGHAM;B2 0LA
46345218;Imelda de Perea;(522) 326-9656;geoffr@aol.com;9/11/1977;FALSE;FALSE;3 Church Street;CARLISLE
48691101;Isidora de Crespi;(924) 599-2856;kludge@comcast.net;9/2/1980;FALSE;FALSE;CA46 0YA;12 George Street
33691391;Balduino Martin Águila;(998) 710-2563;frikazoyd@att.net;22/10/1992;FALSE;FALSE;REDHILL;RH45 1LV
34369926;Casandra Ramírez Canet;(319) 810-1693;singer@comcast.net;18/9/1976;FALSE;FALSE;2 Manchester Road;SWANSEA
42167721;Eustaquio Vigil Gil;(794) 504-1808;rogerspl@aol.com;28/3/1973;FALSE;FALSE;SA65 3HD;84 North Street
34539501;Elvira del Espinosa;(493) 999-4390;danzigism@yahoo.ca;12/4/2000;TRUE;FALSE;DUDLEY;DY65 3GJ
45736930;Pía Huertas Manzanares;(804) 655-0207;empathy@att.net;17/2/1972;FALSE;FALSE;9112 St. John’s Road;WALSALL
34622088;Alberto Salas Báez;(554) 800-9842;jrifkin@mac.com;19/8/1991;FALSE;FALSE;WS53 7IY;19 Church Road
44140167;Sol Rosales Calvo;(548) 446-1387;sagal@icloud.com;7/8/1982;FALSE;FALSE;SOUTH WEST LONDON;SW65 0GH
37728613;Guiomar Folch Sanjuan;(517) 369-6486;durist@sbcglobal.net;8/12/1984;FALSE;FALSE;76 South Street;NORWICH
34045772;Nidia Pardo-Nuñez;(893) 798-8990;msloan@msn.com;5/7/1989;FALSE;FALSE;NR38 3VK;73 Grove Road
34412822;Emperatriz Sabina Pastor Pedrero;(504) 719-6268;ilikered@mac.com;3/2/1974;FALSE;FALSE;SHEFFIELD;S39 0KU
38469414;Ximena Jurado-Mata;(295) 508-7243;tlinden@live.com;9/4/1994;FALSE;FALSE;92 Park Avenue;WOLVERHAMPTON
42968850;Eugenio Aranda Falcón;(940) 762-9096;citizenl@yahoo.ca;5/4/1998;FALSE;FALSE;WV82 8AJ;53 King Street
43667355;Felicia del Palomo;(370) 597-5412;pajas@yahoo.com;14/8/1985;FALSE;FALSE;COVENTRY;CV96 4TX
43440110;Abel Uribe Cerro;(996) 458-0103;british@me.com;16/6/1990;FALSE;FALSE;58 Highfield Road;BLACKBURN
41379761;Andrés Felipe Prado-Infante;(223) 934-8344;chaffar@aol.com;22/3/1993;FALSE;FALSE;BB91 5XM;20 West Street
38414843;Jordi de Perea;(611) 728-9360;parkes@hotmail.com;2/1/1997;FALSE;FALSE;OUTER HEBRIDES;HS33 0PY
40920391;Ricarda Escrivá Cervera;(446) 436-2416;sjava@yahoo.ca;27/2/1971;TRUE;FALSE;82 Windsor Road;PERTH
45679375;Socorro Morales Guerrero;(205) 877-2303;jipsen@outlook.com;25/6/1986;FALSE;FALSE;PH82 4OY;75 Grange Road
34272339;Asunción Ágata Gutierrez Morera;(442) 997-2681;lahvak@optonline.net;29/4/1974;FALSE;FALSE;WESTERN CENTRAL LONDON;WC52 6DL
49810346;Jesús Frías Ibáñez;(200) 695-5178;mlewan@yahoo.com;6/7/1990;FALSE;FALSE;10 Kings Road;WORCESTER
38525375;Teodosio Niño Perez;(892) 339-6497;zwood@verizon.net;30/7/1982;FALSE;FALSE;WR45 4AU;80 The Grove
33101872;Susana Vizcaíno Nuñez;(719) 593-5606;kassiesa@hotmail.com;16/1/1995;FALSE;FALSE;MANCHESTER;M78 7CQ
33222521;Abilio Cuéllar Rovira;(719) 881-4363;rnewman@hotmail.com;17/7/1993;FALSE;FALSE;472 Mill Lane;READING
36637937;Adora Alberto Rebollo;(346) 442-6581;jaxweb@gmail.com;10/9/1970;FALSE;FALSE;RG6 1SR;55 Queens Road
46977429;Primitivo Jaén Garcés;(690) 340-6090;eidac@aol.com;13/2/1995;FALSE;FALSE;TORQUAY;TQ16 9DL
44503527;Delfina Donoso;(722) 742-7576;lishoy@gmail.com;11/4/1996;FALSE;FALSE;80 Chester Road;HARROW
36482862;Julio Fuster Vigil;(449) 524-6231;delpino@aol.com;16/3/1995;FALSE;FALSE;HA62 8DU;320 Victoria Road
42372200;Cintia Carballo-Bayona;(703) 723-3874;catalog@att.net;3/9/1987;FALSE;FALSE;PAISLEY;PA13 7KA
46286392;Fortunata Pascual Ribas;(435) 239-5138;hoyer@hotmail.com;6/1/1988;FALSE;FALSE;304 Springfield Road;BRADFORD
39554782;Lilia Figuerola Bauzà;(580) 240-1515;esokullu@live.com;26/8/1977;FALSE;FALSE;BD84 2HP;51 Main Street
37312752;Pili Morell-Oliver;(650) 385-0635;heidrich@hotmail.com;6/8/1973;FALSE;FALSE;CHESTER;CH66 8CW
34860964;Estrella Peñas Benito;(243) 906-5992;kohlis@live.com;26/8/1982;FALSE;FALSE;28 London Road;HULL
39414627;María Ángeles Roura Carnero;(209) 297-3958;corrada@att.net;5/7/1987;FALSE;FALSE;HU74 4ER;44 Park Road
33612270;Violeta Violeta Lamas Sarabia;(966) 338-9815;chaffar@sbcglobal.net;11/1/1990;FALSE;FALSE;GUILDFORD;GU45 5EZ
46692804;Ruben Marquez Belda;(638) 925-5729;josem@hotmail.com;22/9/1981;FALSE;FALSE;597 New Street;DURHAM
36255114;Manola Perez;(681) 914-0083;jsmith@mac.com;8/7/1985;FALSE;FALSE;DH29 2KQ;69 The Drive
37152783;Rita Asensio Salgado;(354) 628-2294;hmbrand@hotmail.com;2/2/1990;FALSE;FALSE;DUMFRIES;DG73 0TH
38386760;Daniela Cabello Vallés;(888) 289-8104;corrada@gmail.com;26/10/1982;FALSE;FALSE;41 Victoria Street;LEICESTER
33251651;Nicolasa Aurelia Lasa Puig;(393) 626-4948;bryam@icloud.com;31/3/1979;FALSE;FALSE;LE96 5AZ;45 Station Road
49776953;Jonatan Trillo Larrañaga;(887) 262-0302;gmcgath@hotmail.com;5/5/1991;FALSE;FALSE;CHELMSFORD;CM60 7BF
46016815;Jose Francisco Alvarado Pombo;(462) 566-8729;fukuchi@yahoo.com;17/6/1999;FALSE;FALSE;48 Manor Road;LIVERPOOL
44900171;Samanta Casandra Borrell Maestre;(661) 929-3370;jshearer@mac.com;23/1/1970;FALSE;FALSE;L52 8LM;217 Park Lane
43032442;Emilia María Luisa Lluch Vives;(859) 862-4703;phish@live.com;22/6/1980;FALSE;FALSE;SUNDERLAND;SR69 9RW
35329278;Esteban Guillén Mena;(415) 981-0636;manuals@aol.com;23/7/1974;FALSE;FALSE;33 York Road;HUDDERSFIELD
48933349;Josué Rocha Juan;(563) 420-8118;meder@outlook.com;31/1/1993;FALSE;FALSE;HD3 3KR;44 Alexander Road
40086132;Encarnación Alemán-Prats;(462) 763-2017;gomor@icloud.com;31/1/1995;FALSE;FALSE;YORK;YO59 8CP
45474799;Celia Verdú Perez;(701) 212-8508;hauma@gmail.com;9/8/1990;FALSE;FALSE;24 Rock Maple Lane;Santa Ana, CA 92707
32229396;Espiridión del Viñas;(714) 278-0966;godeke@yahoo.ca;19/8/1983;FALSE;FALSE;376 South Griffin Street;Lancaster, CA 93535
48467297;Melania Lobato-Mena;(523) 677-7026;jdhedden@mac.com;1/4/1983;FALSE;FALSE;7172 Halifax St.;Huntington Beach, CA 92647
32430459;Sosimo Roig Bayo;(615) 522-3616;tbeck@gmail.com;26/4/1988;FALSE;FALSE;9530 Homewood St.;Palmdale, CA 93550
32844965;Abel Carrasco-Belda;(497) 402-3196;bryanw@outlook.com;3/8/1978;FALSE;FALSE;3 Sunset Street;Watsonville, CA 95076
49778628;Alicia Celestina Ibáñez Santana;(624) 360-5381;draper@me.com;26/11/1989;FALSE;FALSE;611 Linda Rd.;El Cajon, CA 92021
42540987;Conrado Torre;(417) 559-0451;anicolao@optonline.net;10/8/1993;FALSE;FALSE;7088 South Woodland St.;South San Francisco, CA 94080
43147860;Leoncio Pombo Nadal;(650) 230-0049;mxiao@comcast.net;29/5/1971;FALSE;FALSE;78 Hamilton St.;Los Angeles, CA 90022
39062787;Marcia Perez;(863) 238-8964;mleary@yahoo.ca;14/11/1995;FALSE;FALSE;7576 S. Prince Ave.;Compton, CA 90221
33437715;Aurelia del Ocaña;(340) 944-7011;louise@comcast.net;22/9/1972;FALSE;FALSE;8678 Glen Eagles Rd.;Los Angeles, CA 90042
43093678;Porfirio Cases Fabregat;(388) 447-0349;solomon@gmail.com;12/12/1978;FALSE;FALSE;7487 College Rd.;Carmichael, CA 95608
36949505;Maristela Mármol;(562) 364-8454;dgatwood@live.com;15/10/1999;FALSE;FALSE;8 Westminster Ave.;Anaheim, CA 92805
39048625;Leticia Azorin Cortina;(332) 349-8146;augusto@outlook.com;22/9/1999;FALSE;FALSE;92 Brickell Drive;Fountain Valley, CA 92708
49372156;Régulo de Sacristán;(286) 718-4373;rafasgj@msn.com;20/8/1975;FALSE;FALSE;503 Delaware Street;San Jose, CA 95123
37985167;Esteban del Múñiz;(397) 693-0198;solomon@yahoo.ca;3/9/1973;FALSE;FALSE;34 Anderson Ave.;Los Angeles, CA 90037
38177864;Trinidad Exposito Abella;(874) 698-3563;kildjean@aol.com;18/3/1997;FALSE;FALSE;8388 Water St.;Bakersfield, CA 93309
46793045;Pánfilo Ortiz Pardo;(633) 872-7554;andersbr@att.net;17/3/1974;FALSE;FALSE;373 Brickyard Avenue;Tustin, CA 92780
32636965;Glauco Llorens Álvarez;(799) 691-3758;moonlapse@sbcglobal.net;5/1/1987;FALSE;FALSE;834 Yukon Lane;Cupertino, CA 95014
37047398;Susanita Zaragoza Higueras;(625) 240-8609;schwaang@mac.com;1/3/1970;FALSE;FALSE;8324 South St.;Fremont, CA 94538
41286476;Ileana Asunción Beltran Samper;(677) 815-4415;geekoid@yahoo.ca;28/12/1997;FALSE;FALSE;8 White Ave.;Bakersfield, CA 93307
44183722;Chus Merino Casas;(368) 227-4620;plover@aol.com;11/12/1971;FALSE;FALSE;907 Inverness Dr.;North Hills, CA 91343
46813068;Carmina Cervera;(930) 420-2085;jhardin@hotmail.com;18/4/1979;FALSE;FALSE;12 Cypress Avenue;San Pablo, CA 94806
39403967;Curro Coello Izaguirre;(883) 797-3367;jdray@hotmail.com;25/12/1972;FALSE;FALSE;7313 Bohemia Street;San Diego, CA 92117
45285091;Mario Roldán;(616) 916-4936;euice@outlook.com;1/5/1977;FALSE;FALSE;8518 Hilldale Lane;Pomona, CA 91766
39010590;Jesusa Fuentes;(406) 344-3322;camenisch@yahoo.ca;6/1/1999;FALSE;FALSE;190 Sierra St.;Paramount, CA 90723
47378572;Óscar Dominguez Mayol;(323) 771-5959;lamky@hotmail.com;20/12/1973;FALSE;FALSE;95 Studebaker Street;Ontario, CA 91761
43936614;Angelino Contreras Pi;(898) 732-6602;alastair@att.net;28/9/1986;FALSE;FALSE;1 Highland Ave.;San Jose, CA 95122
35175885;Rafa Camino Perelló;(551) 404-1539;british@comcast.net;28/10/1994;FALSE;FALSE;5 West Henry Smith Street;San Francisco, CA 94110
34287449;Aura Vidal-Roma;(488) 349-4237;rddesign@icloud.com;3/11/1987;FALSE;FALSE;940 E. Primrose Ave.;Laguna Niguel, CA 92677
43648125;Lara Jordana Ballester Lladó;(296) 444-2189;heckerman@me.com;13/8/1974;FALSE;FALSE;8304 Van Dyke Avenue;Santa Ana, CA 92703
41279226;Aníbal Castelló Sarabia;(988) 961-4637;rasca@verizon.net;4/3/1992;FALSE;FALSE;86 Bradford Rd.;San Francisco, CA 94112
33306188;Adriana Higueras Ribes;(486) 549-5020;willg@sbcglobal.net;7/5/1980;FALSE;FALSE;3 Jefferson Dr.;Van Nuys, CA 91406
45151287;Ernesto Cuadrado Mesa;(868) 892-8961;bryam@verizon.net;14/3/1987;FALSE;FALSE;79 Rocky River Ave.;Reseda, CA 91335
48016751;Estela Ponce-Losada;(473) 875-0023;padme@hotmail.com;24/1/1997;FALSE;FALSE;38 Johnson St.;Fremont, CA 94536
43625045;Luis Miguel del Tapia;(700) 958-6128;damian@hotmail.com;5/9/1971;FALSE;FALSE;7652 West Wakehurst Drive;Garden Grove, CA 92840
40052351;Elpidio Agullo Tejero;(696) 679-7702;tangsh@me.com;2/8/1988;FALSE;FALSE;7075 Lake Forest Rd.;Bellflower, CA 90706
45891726;María Carmen Ródenas Acosta;(250) 248-4300;yamla@outlook.com;26/9/1970;FALSE;FALSE;619 Pleasant St.;Lynwood, CA 90262
48784116;Lucas Vendrell Valverde;(834) 508-9490;rbarreira@optonline.net;11/12/1987;FALSE;FALSE;8026 New Saddle St.;San Diego, CA 92105
36216396;Gerardo Tomé Real;(503) 283-5457;jrifkin@verizon.net;5/6/1997;FALSE;FALSE;275 Rock Maple Avenue;Huntington Beach, CA 92646
37652011;Elías Sacristán Vázquez;(461) 976-3596;dmouse@sbcglobal.net;31/1/1998;FALSE;FALSE;404 Railroad St.;Oxnard, CA 93030
49709833;Victoriano Valencia Coloma;(398) 272-4739;tubajon@comcast.net;5/6/1998;FALSE;FALSE;441 Court Dr.;Sunnyvale, CA 94087
43760730;Vera Ribes-Cases;(279) 586-2100;tjensen@att.net;11/10/1996;FALSE;FALSE;9 South Theatre Ave.;Sacramento, CA 95828
48274516;Ligia Moya Calleja;(988) 433-7129;tristan@live.com;29/9/1980;FALSE;FALSE;674 Van Dyke Drive;Pittsburg, CA 94565
38493417;Evangelina Barragán Castell;(357) 352-8928;crandall@sbcglobal.net;29/1/1996;FALSE;FALSE;234 W. Riverside St.;South Gate, CA 90280
48820593;Florencia Domitila Castell Mendizábal;(240) 852-8613;bester@outlook.com;5/12/1995;FALSE;FALSE;916 E. Cactus Ave.;Indio, CA 92201
38676902;Javier Arellano-Murcia;(403) 855-3645;world@yahoo.ca;2/4/1999;FALSE;FALSE;218 Lake St.;Vallejo, CA 94591
47164989;Aurelia Sans Oller;(593) 356-1838;staikos@sbcglobal.net;13/11/1991;FALSE;FALSE;861 Oakland St.;Chula Vista, CA 91911
34342535;Teodora Jerez Tormo;(433) 213-5953;kludge@comcast.net;22/9/1994;FALSE;FALSE;8356 Bank Ave.;Chula Vista, CA 91910
43008765;Cornelio Noguera Lluch;(669) 290-1610;paulv@sbcglobal.net;1/5/1992;FALSE;FALSE;9754 Brookside Street;Sacramento, CA 95823
39732098;Carla Serna Montalbán;(472) 605-7532;jgmyers@sbcglobal.net;5/5/1999;FALSE;FALSE;8718 Chapel Drive;Rosemead, CA 91770
38384783;Macarena Valeria Feliu Mayol;(287) 839-5879;josephw@hotmail.com;3/7/1986;FALSE;FALSE;9029 Bellevue Drive;San Bernardino, CA 92404
34897666;Jacinta Paz Domingo Rivas;(622) 903-6022;sopwith@att.net;28/1/1999;FALSE;FALSE;277 Halifax Dr.;Colton, CA 92324
39781969;Victor Manuel Tejedor Nevado;(797) 421-8320;sharon@att.net;6/11/1986;FALSE;FALSE;7889 Chapel Street;Ontario, CA 91762
49360486;Blanca Molina Francisco;(478) 658-1534;ntegrity@msn.com;2/6/1977;FALSE;FALSE;487 East 6th St.;Canyon Country, CA 91351
32544156;Jonatan Fonseca Quevedo;(671) 615-3675;dgriffith@aol.com;22/12/1981;FALSE;FALSE;51 Coffee St.;Oxnard, CA 93033
34702669;Humberto Vila;(713) 795-1422;qrczak@verizon.net;3/3/1995;FALSE;FALSE;9586 Sycamore Dr.;Livermore, CA 94550
43956903;Isaura Fuentes Guardiola;(201) 705-6808;bruck@live.com;16/4/1988;FALSE;FALSE;801 SW. Prairie St.;Cerritos, CA 90703
49513258;Rufina Vargas Andres;(322) 327-1204;camenisch@yahoo.ca;4/9/1979;FALSE;FALSE;830 High Point Court;Hayward, CA 94544
46109415;Reinaldo Barral Lago;(644) 469-5761;mjewell@comcast.net;3/6/1984;FALSE;FALSE;791 Silver Spear Street;National City, CA 91950
42895837;Jose Ignacio Vila-Rios;(674) 440-0703;daveed@optonline.net;6/4/1991;FALSE;FALSE;8882 Old Smith Ave.;Oceanside, CA 92056
44092855;Roberto Cánovas Segura;(640) 568-2625;quantaman@hotmail.com;18/2/1998;FALSE;FALSE;970 Myers Street;Oceanside, CA 92054
49097244;Rómulo Ortega-Giner;(409) 889-4836;szymansk@gmail.com;3/1/1980;FALSE;FALSE;948 Railroad Avenue;Unit 2
38418679;Gastón Leon Solana;(359) 210-8594;jemarch@yahoo.ca;1/4/1971;FALSE;FALSE;San Diego, CA 92114;7069 Andover St.
46072288;Emilia Jove-Ropero;(474) 494-9364;rhialto@msn.com;11/10/1986;FALSE;FALSE;Pico Rivera, CA 90660;81 Morris Drive
37906051;Calixto Pinedo Torrijos;(681) 820-0747;flakeg@comcast.net;5/7/1993;FALSE;FALSE;Los Angeles, CA 90001;8785 Marconi Road
38353020;Ciro Ledesma Bru;(921) 657-7404;rnewman@optonline.net;13/3/1982;FALSE;FALSE;Modesto, CA 95350;632 Manor Ave.
47834888;Dora del Segarra;(451) 889-2527;jshearer@yahoo.ca;16/6/1977;FALSE;FALSE;Simi Valley, CA 93065;51 College Street
48871210;Juan Bautista de Salazar;(487) 654-5535;tubesteak@msn.com;30/1/1977;FALSE;FALSE;Los Angeles, CA 90004;198 Ramblewood Drive
40451416;Narciso del Anaya;(243) 692-9341;jsnover@gmail.com;20/10/1998;FALSE;FALSE;Folsom, CA 95630;13 E. Walnut St.
48374926;Martirio Reina Malo Alonso;(726) 607-0923;chrwin@live.com;25/12/1993;FALSE;FALSE;Tulare, CA 93274;7792 Anderson Lane
48102983;Maximiliano Maestre Mendizábal;(861) 258-0892;jadavis@msn.com;28/7/1987;FALSE;FALSE;San Francisco, CA 94109;7728 Mayfield Drive
44207224;Noa Dominguez-Llorente;(514) 904-4726;stevelim@gmail.com;5/9/1977;FALSE;FALSE;Tracy, CA 95376;8704 Thatcher St.
33209905;Miguel Mur Cruz;(829) 721-4200;zavadsky@verizon.net;13/10/1988;FALSE;FALSE;Los Angeles, CA 90066;9160 Mammoth Ave.
45584810;Gala Gimenez-Lasa;(983) 385-7043;mobileip@comcast.net;30/8/1977;FALSE;FALSE;Riverside, CA 92509;8652 Arlington Drive
35106575;Saturnino Palacios Lamas;(223) 360-1632;lauronen@icloud.com;1/6/1970;TRUE;FALSE;Los Angeles, CA 90026;9048 Birchwood Avenue
46119018;Ariel Castellanos Bauzà;(412) 836-0738;matty@att.net;22/11/1975;FALSE;FALSE;Fairfield, CA 94533;35 Charles St.
47916350;Trinidad Salas Gimenez;(238) 664-3657;simone@mac.com;3/5/1975;FALSE;FALSE;Sylmar, CA 91342;634 Theatre Street
32538702;Adalberto del Seco;(759) 680-2696;claesjac@verizon.net;29/10/1996;FALSE;FALSE;Daly City, CA 94015;436 Ketch Harbour Street
33249245;Eustaquio Palacios Francisco;(395) 780-5461;goldberg@yahoo.com;25/9/1989;FALSE;FALSE;Van Nuys, CA 91405;19 Strawberry Street
39437160;Susana Castro Ruiz;(372) 818-3567;lahvak@aol.com;8/10/1993;TRUE;FALSE;Victorville, CA 92392;48 Fairfield Lane
47363748;Emelina Melisa Palau Seco;(935) 960-4873;jipsen@sbcglobal.net;1/5/1998;FALSE;FALSE;San Pedro, CA 90731;9814 Primrose Street
47001174;Sandalio Baeza Grande;(971) 288-1186;elmer@mac.com;22/10/1995;TRUE;FALSE;San Diego, CA 92115;8053 Jennings St.
33879216;Gregorio Guerrero Palomino;(994) 447-4889;sisyphus@icloud.com;16/2/1984;FALSE;FALSE;Rancho Cucamonga, CA 91730;82 Bear Hill Ave.
44318679;Socorro de Higueras;(232) 476-5035;stefano@verizon.net;2/9/1976;FALSE;FALSE;Union City, CA 94587;9428 3rd Ave.
38410680;Otilia Viana Torres;(288) 574-6749;muzzy@aol.com;20/8/1998;FALSE;FALSE;Montebello, CA 90640;83 Front Ave.
43407548;Luís Guzman Alsina;(969) 763-9226;bmidd@att.net;23/3/1972;FALSE;FALSE;San Francisco, CA 94122;71 Wakehurst Drive
46877837;Julie Rosa Lumbreras;(732) 708-8561;dhrakar@outlook.com;7/1/1972;FALSE;FALSE;Costa Mesa, CA 92627;715 Redwood Dr.
46102811;Samu Paulino Fabra Galvez;(314) 254-1244;openldap@mac.com;30/10/1970;FALSE;FALSE;Long Beach, CA 90813;316 Ohio St.
46211755;Vicente Egea Sanchez;(460) 682-5923;dmath@live.com;10/3/1994;TRUE;FALSE;Anaheim, CA 92801;9185 Mechanic St.
33598590;Juan Carlos del Cordero;(200) 565-5639;dobey@msn.com;16/2/1970;FALSE;FALSE;Alameda, CA 94501;7371 Wrangler Street
42511665;Carla Blanes España;(357) 769-3070;rbarreira@icloud.com;10/12/1972;TRUE;FALSE;Oakland, CA 94601;72 St Paul Ave.
37748209;Toribio Herranz Jurado;(587) 626-3175;gilmoure@live.com;24/12/1989;FALSE;FALSE;Long Beach, CA 90805;67 William Drive
44771091;América Rosell Ferrándiz;(465) 293-1802;grady@verizon.net;28/1/1989;FALSE;FALSE;Merced, CA 95340;7732 Cobblestone Lane
36571994;Inés Calderon Suarez;(709) 815-7677;sekiya@gmail.com;13/10/1997;FALSE;FALSE;Huntington Park, CA 90255;78 Summer Street
45546848;Trinidad Leiva Ribera;(605) 810-1781;dogdude@yahoo.com;4/8/1972;FALSE;FALSE;San Jose, CA 95111;9268 NE. Lookout Drive
38895567;Luisa Saldaña Piñeiro;(256) 681-2246;sfoskett@att.net;5/4/1998;FALSE;FALSE;Santa Ana, CA 92704;9551 Talbot Ave.
41028248;Yago Diez Meléndez;(304) 471-5232;hampton@icloud.com;6/11/1979;TRUE;FALSE;Spring Valley, CA 91977;82 Edgewood Ave.
32127276;Alberto Rius Rius;(411) 283-4519;singer@mac.com;10/3/1982;FALSE;FALSE;Salinas, CA 93905;63 East Penn St.
45147548;Beatriz Jimenez Antón;(442) 496-8157;pereinar@mac.com;30/1/1982;FALSE;FALSE;La Habra, CA 90631;1 Spruce Street
48024458;Adolfo Gaya Canales;(205) 909-7964;jfreedma@comcast.net;31/5/1980;FALSE;FALSE;Fontana, CA 92336;78 Devon St.
49134284;Teófilo de Nuñez;(730) 534-7609;hampton@outlook.com;29/3/1995;FALSE;FALSE;Georgetown, ON L7G 9Y7;425 Cherry Hill Court
33427244;Bruno Cabezas Cordero;(770) 286-4391;attwood@yahoo.com;13/9/1975;FALSE;FALSE;Donnacona, QC G3M 1C3;900 Charles Lane
32734844;Pepe Juanito Adán Anaya;(732) 906-0070;howler@mac.com;4/2/1981;FALSE;FALSE;Manotick, ON K4M 6S8;316 East Oak Meadow Court
33618391;Isabela Solé Nuñez;(943) 428-2313;quantaman@icloud.com;21/1/1980;FALSE;FALSE;Essex, ON N0R 2G6;407 Lafayette Court
39901613;Amaya Izquierdo Gonzalo;(785) 951-2152;tellis@gmail.com;24/5/1993;FALSE;FALSE;Lockport, MB R1B 5H9;17 Euclid Rd.
44685691;Gervasio del Galán;(406) 847-9870;jguyer@verizon.net;16/8/1985;FALSE;FALSE;Bonnyville, AB T9N 2P9;821 Surrey St.
42519246;Isaac Pujol-Yáñez;(965) 911-5076;adhere@icloud.com;25/2/1998;FALSE;FALSE;Petit-Rocher, NB E8J 4K5;714 Depot St.
35203579;Valerio Valentín Céspedes;(599) 327-2008;jaarnial@verizon.net;5/5/1989;FALSE;FALSE;Farnham, QC J2N 4J1;82 Clark Ave.
43858010;Cleto Benito Mendizábal;(656) 470-6146;plover@live.com;11/10/1995;TRUE;FALSE;Winnipeg, MB R2C 4A3;9949 Dogwood Ave.
35451491;Erasmo Cabeza Martinez;(327) 329-5055;wortmanj@verizon.net;9/5/1999;FALSE;FALSE;Saint-Raymond, QC G3L 7P7;9 Kingston Lane
40435962;Quirino Rosario Vázquez Carvajal;(208) 903-9126;violinhi@aol.com;17/1/2000;FALSE;FALSE;St. George, NB E5C 6A9;652 Old Tower Lane
42607391;Marcos Alcántara Codina;(440) 419-1193;uncle@sbcglobal.net;28/11/1992;FALSE;FALSE;Port Moody, BC V3H 3N3;1 Trusel Lane
40570162;Paloma Abascal Lledó;(357) 843-1297;krueger@icloud.com;14/5/1998;FALSE;FALSE;Delhi, ON N4B 2V1;81 Canterbury Street
45643390;Ana Sofía Nadal-Campo;(726) 820-4884;daveewart@optonline.net;23/4/1990;FALSE;FALSE;Oromocto, NB E2V 6A5;1 Westminster Street
39820659;Estela Cases Peral;(741) 507-6188;firstpr@aol.com;6/11/1982;FALSE;FALSE;Belledune, NB E8G 4R8;83 Beaver Ridge Ave.
45128915;Borja Díez-Zorrilla;(847) 529-3256;trieuvan@sbcglobal.net;28/1/1971;FALSE;FALSE;Bouctouche, NB E4S 8M3;170 Devonshire St.
37105445;Eva María de Bertrán;(622) 751-8803;tbusch@gmail.com;20/10/1992;FALSE;FALSE;Caledon, ON L7C 9T6;7489 Central Drive
39843513;Elena del Tomé;(681) 720-0173;yfreund@me.com;11/3/1984;FALSE;FALSE;Buena Vista, SK S2V 1L1;72 Wild Rose Circle
35569834;Iván de Manzanares;(947) 794-9523;jfmulder@mac.com;13/4/1978;FALSE;FALSE;Digby Neck, NS B0V 8H6;9562 South Forest Drive
39371078;Adelina Roma Feijoo;(697) 343-2772;parrt@mac.com;21/2/1989;FALSE;FALSE;Outaouais-Sud, QC J0X 9K0;94 Tallwood Avenue
39301508;Joel Estévez;(864) 686-9890;wiseb@aol.com;7/11/1998;FALSE;FALSE;Wetaskiwin, AB T9A 7X8;381 Clay Rd.
48689282;Úrsula Anabel Expósito Vazquez;(259) 588-3616;barnett@outlook.com;3/4/1999;FALSE;FALSE;Steinbach, MB R5G 1B0;22 Fieldstone Dr.
48612405;Manuelita Gilabert Manjón;(711) 535-5569;barlow@yahoo.com;19/3/1988;FALSE;FALSE;La Sarre, QC J9Z 2V9;988 Bohemia Dr.
45530050;Amparo Galván Polo;(390) 414-6347;telbij@hotmail.com;17/5/1982;FALSE;FALSE;Apohaqui, NB E5P 9G5;7582 Lyme Ave.
36881255;Amparo del Ayuso;(622) 524-5931;dalamb@msn.com;12/11/1994;TRUE;FALSE;Lloydminster, SK S9V 5V1;226 Taylor Rd.
49024761;Angélica del Ortuño;(832) 663-7857;psichel@live.com;11/3/1995;FALSE;FALSE;Highlands, BC V9B 9L3;62 E. Foxrun Drive
41897303;Amalia Itziar Sebastián Revilla;(774) 962-9792;cameron@mac.com;20/7/1980;FALSE;FALSE;Saint-Hippolyte, QC J8A 8X2;18 Theatre Rd.
40847628;América Morán Peñalver;(456) 478-8124;klaudon@icloud.com;28/4/1984;FALSE;FALSE;Chestermere, AB T1X 8K6;562 Hilldale Lane
46099650;Elisa de Chaparro;(689) 369-1765;gavinls@msn.com;15/8/1976;FALSE;FALSE;Leduc, AB T9E 6E1;235 Bowman Street
33331222;Nieves Lladó;(462) 469-0733;arathi@comcast.net;11/11/1985;FALSE;FALSE;Vancouver, BC V5K 7G2;2 Beechwood Street
43903625;Juan Antonio Benet;(296) 380-9560;parkes@icloud.com;6/12/1988;FALSE;FALSE;Esquimalt, BC V9A 7T3;877 Coffee Ave.
42941796;Gustavo Barberá Frías;(770) 446-1820;cyrus@aol.com;18/6/1991;TRUE;FALSE;Coldbrook, NS B4R 8S2;759 Mayfair Court
47280698;Eliana Pacheco Ponce;(752) 764-6341;isotopian@hotmail.com;8/4/1973;FALSE;FALSE;Windsor, ON N8P 8C9;8921 West Oak Meadow Road
45060543;Dalila Pino Verdú;(420) 583-7227;marnanel@icloud.com;21/9/1992;FALSE;FALSE;Kanata, ON K2K 4A8;24 Edgemont St.
47380704;Marciano Díaz;(844) 867-2783;nwiger@verizon.net;16/4/1985;TRUE;FALSE;McAdam, NB E6J 7T4;524 Dunbar Drive
48922930;Timoteo Pinilla Calderón;(844) 548-7367;elmer@comcast.net;5/6/1975;FALSE;FALSE;Hanover, ON N4N 0G1;4 Maple Street
40007742;Malena Roma Barrena;(653) 247-2528;natepuri@gmail.com;15/8/1977;FALSE;FALSE;Ottawa, ON K1G 0J7;7963 Third St.
37806270;Silvia León Duque;(323) 918-8630;tmaek@gmail.com;12/4/1991;FALSE;FALSE;Mississauga, ON L4T 3V7;617 Liberty Dr.
39290131;Ema del Garrido;(951) 814-0240;manuals@yahoo.ca;24/1/1986;TRUE;FALSE;Wallaceburg, ON N8A 3M8;72 Circle St.
41806648;Eva González Cano;(286) 747-9510;neonatus@live.com;12/11/1972;FALSE;FALSE;Windsor, LB A2B 0T8;616 Lyme Ave.
42538474;Eutropio Sedano Cabanillas;(780) 915-5789;crusader@verizon.net;3/10/1987;FALSE;FALSE;Cowansville, QC J2K 8Y0;901 Fairway Street
40588387;Dafne Cerdán Pujol;(611) 316-6464;dogdude@mac.com;24/9/1988;FALSE;FALSE;Duvernay-Est, QC H7A 4A9;80 Gulf Drive
46105111;Óscar de Mascaró;(347) 423-7150;mastinfo@outlook.com;26/9/1989;TRUE;FALSE;Pitt Meadows, BC V3Y 0T2;9599 East Water Ave.
32491952;Catalina Peralta Patiño;(690) 391-9308;munge@verizon.net;26/6/1970;FALSE;FALSE;Amqui, QC G5J 8E3;8850 Pulaski Dr.
37894438;Bárbara Elorza Jordá;(300) 748-5245;milton@att.net;28/11/1989;FALSE;FALSE;Enfield, NS B2T 5S6;703 Bay Ave.
36870435;Loreto Burgos;(399) 450-6042;redingtn@hotmail.com;20/5/1980;FALSE;FALSE;St. Martins, NB E5R 1J6;31 Temple Ave.
46356365;Estela Marquez Arce;(941) 250-4612;fviegas@sbcglobal.net;18/12/1972;FALSE;FALSE;Stouffville, ON L4A 6L1;7058 Country Club Ave.
35828859;Paloma Segarra Menéndez;(979) 636-7422;rgarcia@live.com;9/3/1978;FALSE;FALSE;Kings County, NS B0P 9R3;91 Pineknoll Ave.
47461317;Claudio Maximino Cobos Córdoba;(838) 478-1283;ovprit@msn.com;5/1/1998;FALSE;FALSE;Fort Saskatchewan, AB T8L 4M9;871 Gainsway Drive
48310573;Josefina Rey Meléndez;(709) 730-9311;teverett@att.net;12/1/1973;FALSE;FALSE;Laurentides-Sud, QC J0V 3M7;9536 Nut Swamp Dr.
40183894;Nilda de Garrido;(773) 468-1836;ghost@yahoo.ca;29/12/1982;FALSE;FALSE;Black Lake, QC G6H 5M3;53 Old Belmont St.
49767191;Gregorio Llabrés-Rebollo;(629) 776-7927;intlprog@verizon.net;30/3/1983;FALSE;FALSE;Charny, QC G6X 9G6;9451 Stonybrook Court
38960617;Edmundo de Marco;(374) 637-9848;frosal@msn.com;28/9/1993;FALSE;FALSE;Okotoks, AB T1S 0P8;5 Rockland Court
45483533;Amaya Ruiz Campoy;(614) 742-3346;sabren@comcast.net;30/1/1985;FALSE;FALSE;Boiestown, NB E6A 0J5;209 North Primrose Street
34716411;Nacio Perera Lerma;(591) 540-1501;hermes@outlook.com;17/8/1995;FALSE;FALSE;Port Alberni, BC V9Y 6C7;14 Military Street
41448225;Damián Vicens Cabrera;(674) 692-6307;shrapnull@live.com;3/11/1995;FALSE;FALSE;Cochrane, AB T4C 6R2;9282 Border Street
48831498;Marcela Teófila Arnal Lasa;(613) 385-7225;jimmichie@optonline.net;22/4/1999;FALSE;FALSE;Hampton, NB E5N 2B1;258 Bohemia St.
39109755;Reina Losada Alfonso;(911) 247-1909;bjornk@aol.com;19/2/1981;FALSE;FALSE;Grand Manan Island, NB E5G 6V4;740 Jones St.
36075194;Isa Arenas Mariscal;(428) 712-4844;ghost@sbcglobal.net;27/4/1972;FALSE;FALSE;Petawawa, ON K8H 6P6;592 Linden Ave.
39600598;Morena Roura;(911) 550-2155;curly@icloud.com;1/9/1998;FALSE;FALSE;Cap-Rouge, QC G1Y 7T2;67 Sheffield Ave.
48439394;Odalys Benítez;(593) 925-4662;jacks@outlook.com;16/10/1996;FALSE;FALSE;Prince Rupert, BC V8J 9N3;19 Tallwood St.
46633334;Emma del Amor;(538) 584-5847;mbswan@optonline.net;8/10/1980;FALSE;FALSE;Acton, ON L7J 3T8;389 Ridge Street
42475415;Seve Villanueva Anaya;(336) 788-8866;jelmer@gmail.com;6/2/1975;FALSE;FALSE;Lac-Megantic, QC G6B 4L9;329 Carpenter Court
36822523;Montserrat Armas Salamanca;(878) 213-7548;podmaster@yahoo.com;11/3/1994;FALSE;FALSE;Innisfail, AB T4G 7N5;60 St Margarets Street
33838101;Ildefonso Feliu Esteban;(544) 332-6097;malin@verizon.net;14/6/1997;FALSE;FALSE;Le Fjord, QC G0T 3E3;968 E. Aspen Lane
46571359;Ligia Ocaña Arregui;(992) 343-2800;dsugal@hotmail.com;2/12/1987;FALSE;FALSE;Grande-Anse, NB E8N 7C1;12 Winding Way St.
44265760;Sarita Neira Toro;(272) 202-0144;ninenine@icloud.com;6/4/1981;FALSE;FALSE;Kimberley, BC V1A 5S2;859 Greenview Dr.
38664111;Timoteo Pacheco Pozo;(738) 345-5103;damian@icloud.com;20/4/1970;TRUE;FALSE;St. Albert, AB T8N 8R8;9286 E. Bayberry Street
45826646;Ester Anabel Fabregat Nuñez;(713) 922-0553;phish@hotmail.com;11/6/1991;FALSE;FALSE;Bass River, NB E4T 4R0;128 Richardson St.
42457105;Rosenda Villanueva Herrera;(682) 502-1976;rnelson@gmail.com;9/8/1987;FALSE;FALSE;Parksville, BC V9P 5L2;118 Pineknoll Drive
39226985;Ariel Gallego Diego;(260) 372-4164;slaff@aol.com;16/8/1981;TRUE;FALSE;La Plaine, QC J7M 5N3;28 Pennsylvania Street
47853751;Juliana Alarcón Molins;(502) 779-9801;ninenine@live.com;23/6/1983;FALSE;FALSE;Leamington, ON N8H 0N3;334 Mechanic Lane
39572716;Catalina Méndez;(687) 734-3575;johnh@yahoo.ca;7/1/1995;FALSE;FALSE;Strathmore, AB T1P 9V5;798 Clark Rd.
38825219;Susanita Pascual Salamanca;(503) 471-0311;ryanshaw@comcast.net;10/12/1972;FALSE;FALSE;Youngs Cove, NB E4C 4K5;735 Spruce Ave.
45179345;Dimas Rafael Polo Bravo;(640) 467-1066;gerlo@yahoo.ca;5/8/1970;FALSE;FALSE;Chatham, QC J8G 7X7;603 Elm Lane
48180234;Anabel Pou Lasa;(350) 900-0774;noneme@me.com;29/9/1972;FALSE;FALSE;Eskasoni, NS B1W 1S9;72 Paris Hill Ave.
45067541;Nadia Natividad Marco Flores;(593) 907-1562;squirrel@comcast.net;14/5/1985;FALSE;FALSE;Parry Sound, ON P2A 5R6;94 Valley View Rd.
42345283;Máximo Téllez Ferrera;(848) 559-5729;sakusha@yahoo.com;7/10/1997;FALSE;FALSE;Lanaudière-Nord, QC J0K 8T8;8 E. Miles Dr.
45044114;Gala Clarisa Ballesteros Llopis;(986) 369-4687;seano@sbcglobal.net;31/12/1986;FALSE;FALSE;Saint-Colomban, QC J5K 6C2;672 Albany St.
35612240;Amancio Aliaga Sierra;(815) 645-0166;bmidd@msn.com;25/2/1991;FALSE;FALSE;Huntsville, ON P1H 2C9;22 Jackson Rd.
46315705;César Nogués Tomás;(456) 670-3912;oracle@verizon.net;13/7/1973;FALSE;FALSE;Lachute, QC J8H 9V1;22 Ridge Lane
44241927;Brígida Jove Carretero;(997) 481-7573;jrifkin@yahoo.com;7/4/1998;FALSE;FALSE;St. Stephen, NB E3L 2A8;8557 West Greenview Dr.
49188785;Vito del Abad;(571) 271-7420;sherzodr@att.net;1/9/1980;FALSE;FALSE;Îles-Laval, QC H7Y 1X2;8824 Liberty Drive
46466776;Nayara Fanny Juliá Sierra;(674) 672-8423;rsmartin@msn.com;22/2/1998;FALSE;FALSE;Grand Falls, LB A2A 2C6;368 Fifth Dr.
42337881;Isidoro Salas Marqués;(505) 554-8992;jsbach@aol.com;4/10/1980;FALSE;FALSE;Ville Émard, QC H4E 1K4;61 San Carlos Rd.
39712545;Vicente Palomino Adadia;(826) 231-0876;wmszeliga@mac.com;29/12/1979;FALSE;FALSE;Napanee, ON K7R 6V1;37 Peninsula Street
32684958;Sandalio de Figueroa;(499) 874-0371;william@hotmail.com;23/6/1978;FALSE;FALSE;Woodstock, NB E7M 8P6;149 Jennings Road
35002015;Elodia Pinto;(317) 232-9358;gastown@comcast.net;9/12/1999;FALSE;FALSE;Dorchester, NB E4K 6V5;59 W. Anderson Lane
46382687;Felipe Carro Ramis;(852) 388-3751;improv@live.com;20/5/1992;FALSE;FALSE;Greely, ON K4P 4T2;685 High Noon Lane
47755915;Ana Belén Alvarado Bueno;(366) 604-3609;gfxguy@outlook.com;13/3/1970;FALSE;FALSE;Boucherville, QC J4B 9T3;42 Johnson Dr.
37276906;Marisela Sanmiguel Pedraza;(800) 687-3027;marcs@outlook.com;12/3/1995;FALSE;FALSE;Lacombe, AB T4L 0S1;7976 North Street
47416847;Jesusa Benavente Ferrández;(924) 920-0218;skippy@yahoo.ca;31/7/1997;FALSE;FALSE;Labrador City, LB A2V 8L0;394 Hanover St.
43503439;Alonso Díaz Donoso;(733) 648-0855;jyoliver@sbcglobal.net;14/4/1996;FALSE;FALSE;Grimsby, ON L3M 5X9;9697 South Mountainview Street
38130598;Filomena Pombo Pla;(496) 879-5338;afifi@hotmail.com;21/3/1978;FALSE;FALSE;Cobourg, ON K9A 5G0;60 Carpenter Street
46086476;Cristóbal Cabello-Pol;(363) 981-6810;muadip@gmail.com;7/5/1993;FALSE;FALSE;Chelsea, QC J9B 5K1;343 Oxford St.
46904268;Maribel Murillo Alcaraz;(643) 252-3203;hyper@icloud.com;18/9/1977;FALSE;FALSE;Qualicum Beach, BC V9K 4J5;490 Lantern Street
34896162;Mayte Cuesta Acosta;(491) 779-1547;spadkins@att.net;5/1/1977;FALSE;FALSE;Dunnville, ON N1A 2R5;8158 S. Marvon Ave.
37686435;Remigio Villalonga Roman;(731) 808-7183;oneiros@icloud.com;29/10/1990;FALSE;FALSE;Vimont, QC H7M 0J1;7651 Carriage Dr.
40133168;Vanesa Villaverde;(879) 310-9113;miltchev@gmail.com;5/7/1986;FALSE;FALSE;Port Perry, ON L9L 6K8;7313 Eagle Ave.
36390142;Maristela Corbacho Alegria;(944) 942-5965;uqmcolyv@att.net;29/11/1974;FALSE;FALSE;Saint Petersburg, FL 33710;127 Rockwell Lane
47046770;Manuelita Cervera Botella;(257) 383-2777;william@comcast.net;27/5/1989;FALSE;FALSE;Miami, FL 33135;107 Cedar Street
38323060;Borja Canet Gallo;(286) 539-1526;lipeng@comcast.net;16/7/1999;FALSE;FALSE;New Port Richey, FL 34653;20 Ivy St.
41105933;Clotilde Chita Fábregas Toro;(408) 475-2351;sbmrjbr@msn.com;19/6/1986;FALSE;FALSE;Fort Lauderdale, FL 33312;63 Stillwater St.
38598375;Olimpia Girona Paredes;(654) 850-5430;ryanvm@sbcglobal.net;7/4/1973;FALSE;FALSE;Tampa, FL 33614;209 North Newbridge Drive
37568202;Rubén de Arribas;(704) 732-6961;mbswan@msn.com;19/2/1977;FALSE;FALSE;Jacksonville, FL 32205;85 Ridgeview Drive
37705884;Édgar Manu Suárez Anglada;(400) 235-6788;dbanarse@yahoo.ca;23/5/1975;FALSE;FALSE;Miami, FL 33161;60 Surrey Rd.
39356499;Luna Morcillo Carretero;(363) 851-7332;frikazoyd@me.com;15/4/1985;FALSE;FALSE;Bradenton, FL 34205;556 Pleasant St.
34753594;Eladio Salcedo Cabanillas;(892) 211-3578;mosses@gmail.com;31/12/1983;FALSE;FALSE;Fort Myers, FL 33912;31 Heritage Street
49053077;Gisela Cámara Duarte;(231) 936-5897;parasite@optonline.net;14/3/1985;FALSE;FALSE;Tampa, FL 33624;8904 Vermont Drive
42782307;Nicanor de Moliner;(609) 914-4233;samavati@me.com;8/11/1977;FALSE;FALSE;Opa Locka, FL 33055;886 Snake Hill St.
36582933;Rosario Paz Figueroa;(776) 448-2874;rfoley@mac.com;13/9/1979;FALSE;FALSE;Winter Haven, FL 33880;212 Canal St.
35257628;Gloria Esteve Perez;(487) 768-3548;yfreund@verizon.net;4/11/1988;FALSE;FALSE;Lake Worth, FL 33460;9974 Holly Dr.
46657097;Alexandra Pedrosa Asensio;(601) 357-6775;fglock@gmail.com;21/12/1987;FALSE;FALSE;Lake Wales, FL 33853;7342 Woodland Avenue
43146253;Lucho Lucio Gallart Bartolomé;(296) 236-1828;bebing@hotmail.com;9/11/1998;FALSE;FALSE;Fort Lauderdale, FL 33309;20 West Gates St.
34419089;Lola Vanesa Roda Verdejo;(691) 320-1793;cumarana@live.com;4/10/1980;FALSE;FALSE;Fort Lauderdale, FL 33322;22 Wall St.
45323394;Alejandra Alvarado-Rocamora;(919) 955-4757;smpeters@mac.com;6/12/1988;FALSE;FALSE;Fort Lauderdale, FL 33319;7342A Edgefield Street
32954505;Cristina Navas Sanz;(895) 527-9965;madler@gmail.com;13/12/1998;FALSE;FALSE;Boca Raton, FL 33428;19 Charles St.
39430599;Desiderio Vizcaíno Seguí;(779) 490-1731;mgemmons@yahoo.ca;14/10/1982;FALSE;FALSE;Hallandale, FL 33009;8123 York Ave.
42977792;Nélida Gallart Ochoa;(317) 905-9963;lstein@msn.com;6/5/1978;FALSE;FALSE;Pensacola, FL 32526;9315 Arcadia St.
38465232;Áurea Sandoval Robles;(636) 558-0180;skythe@optonline.net;17/4/1970;FALSE;FALSE;Hollywood, FL 33029;9447 Jackson Court
35127448;Bibiana Azcona;(985) 919-4960;alias@comcast.net;27/9/1994;FALSE;FALSE;Miami, FL 33179;8407 Snake Hill Street
39643489;Marcos Arnal Sola;(558) 212-5147;dburrows@comcast.net;17/8/1977;FALSE;FALSE;Miami, FL 33183;60 West Prince St.
43835846;Soledad Ani Garrido Duran;(792) 524-2198;eegsa@sbcglobal.net;28/1/1970;FALSE;FALSE;Pompano Beach, FL 33063;192 Birchpond Ave.
46799909;Rodolfo Duilio Terrón Serrano;(267) 864-5928;gfxguy@hotmail.com;20/12/1983;FALSE;FALSE;Lakeland, FL 33801;880 Mayfair St.
43313307;Carolina Ferreras Bolaños;(496) 239-3951;gumpish@optonline.net;20/11/1971;FALSE;FALSE;Hialeah, FL 33013;83 8th St.
35348569;Eladio Querol;(252) 667-8366;rhialto@yahoo.com;7/8/1990;FALSE;FALSE;West Palm Beach, FL 33411;7270 Shadow Brook Dr.
47156411;Irene Orozco Millán;(609) 330-8191;phyruxus@mac.com;14/5/1970;FALSE;FALSE;Jacksonville, FL 32208;9505 Sutor Dr.
48680216;Yago Heredia Francisco;(439) 401-6738;jshearer@yahoo.com;11/10/1988;FALSE;FALSE;Orlando, FL 32812;26 Lawrence Drive
33698893;Hernán Diego Ferreras;(946) 600-8214;fwiles@live.com;4/9/1996;FALSE;FALSE;West Palm Beach, FL 33415;7147 Heather St.
34200052;Darío Severino Falcón Rodríguez;(384) 619-1581;kayvonf@sbcglobal.net;17/8/1994;FALSE;FALSE;Orlando, FL 32810;287 E. Woodland Ave.
45944134;Eli Rovira Busquets;(675) 655-1424;pappp@icloud.com;2/9/1978;FALSE;FALSE;Pompano Beach, FL 33064;16 Monroe Dr.
32467124;Remedios Barbero Calderón;(842) 708-2942;timlinux@icloud.com;3/1/1991;FALSE;FALSE;Key West, FL 33040;59 Pumpkin Hill Drive
40533692;Telmo Azcona Huerta;(656) 301-2331;feamster@mac.com;24/1/1987;FALSE;FALSE;Panama City, FL 32404;88 Deerfield Street
45547492;Jose Luis Salgado Monreal;(728) 554-8409;dexter@yahoo.ca;13/8/1975;FALSE;FALSE;Hollywood, FL 33025;88 Marsh Road
48395817;Maximiliano Ferrer Solé;(557) 382-0708;symbolic@optonline.net;10/2/1982;FALSE;FALSE;Winter Springs, FL 32708;251 SW. Ramblewood Ave.
39668316;Seve Pellicer Arévalo;(395) 354-7424;intlprog@live.com;6/7/1989;FALSE;FALSE;Miami, FL 33162;15 Bow Ridge Dr.
48571779;Poncio Gallart Cano;(752) 229-5173;msloan@live.com;22/4/1977;FALSE;FALSE;Miami, FL 33175;691 Baker Rd.
41595987;Abril Morante-Portero;(653) 317-7538;wbarker@aol.com;16/7/1982;FALSE;FALSE;Port Orange, FL 32127;32 Adams Court
44153954;Alondra Arroyo Moraleda;(720) 816-6636;niknejad@msn.com;19/6/1971;FALSE;FALSE;Tampa, FL 33617;969 Summerhouse Dr.
44206875;Nando Neira Garcia;(392) 567-1811;koudas@icloud.com;14/3/1979;FALSE;FALSE;Fort Lauderdale, FL 33321;61 College Rd.
32111784;Soraya Puig Estrada;(233) 981-3075;cantu@outlook.com;17/1/1992;FALSE;FALSE;Hollywood, FL 33021;344 Summerhouse Ave.
43797314;Teresita Ferrera Bernat;(469) 699-2655;nighthawk@hotmail.com;9/10/1984;FALSE;FALSE;Dunedin, FL 34698;164 Albany Dr.
32833919;Ignacio Mendez Casanovas;(311) 568-5798;peterhoeg@yahoo.com;12/1/1973;FALSE;FALSE;West Palm Beach, FL 33414;9028 E. Overlook Street
32382232;Isabel Bayo Sanchez;(930) 839-6069;jonadab@outlook.com;27/3/1991;FALSE;FALSE;Lake Worth, FL 33467;300 San Carlos Street
38580306;Ligia Linares Isern;(595) 770-6147;gamma@sbcglobal.net;13/9/1993;FALSE;FALSE;Miami, FL 33196;19 Carriage Court
40196322;Simón Gaya Vallejo;(796) 698-2556;wbarker@sbcglobal.net;9/8/1995;FALSE;FALSE;Orlando, FL 32818;3 Henry St.
33015872;Chus Larrañaga Hernando;(518) 447-3410;conteb@mac.com;30/10/1993;FALSE;FALSE;Orlando, FL 32839;7743 Boston Street
48651942;Ángeles Arévalo Balaguer;(963) 286-3940;mugwump@verizon.net;24/3/1993;FALSE;FALSE;Brandon, FL 33511;9543 Marlborough Street
46313968;Benito Juan Francisco Aramburu Fiol;(989) 381-2553;andrei@outlook.com;24/5/1984;FALSE;FALSE;Valrico, FL 33594;42 Lakeshore Avenue
47074558;Amaya Valderrama Gomis;(760) 748-7416;roamer@sbcglobal.net;25/1/1994;FALSE;FALSE;Melbourne, FL 32935;77 Rocky River Ave.
47056590;Beatriz Rodriguez Iborra;(382) 950-9603;malattia@msn.com;25/9/1982;FALSE;FALSE;Jacksonville, FL 32209;68 Woodland Ave.
49036589;Amílcar Ortega Gallo;(256) 505-6404;aschmitz@sbcglobal.net;27/1/1987;FALSE;FALSE;Fort Lauderdale, FL 33334;9413 Lexington Dr.
37475555;Seve Laguna-Bas;(262) 756-8019;ovprit@aol.com;5/7/1980;FALSE;FALSE;Jupiter, FL 33458;727 Cardinal Ave.
49720523;Francisco Javier Coloma;(437) 405-6290;jaarnial@att.net;22/4/1986;FALSE;FALSE;Deltona, FL 32738;49 Colonial Street
48435088;Erasmo Crespo Gallego;(582) 368-1385;murty@icloud.com;12/1/1993;FALSE;FALSE;Boynton Beach, FL 33435;73 Pulaski Street
49002425;Octavio Perelló-Losada;(659) 871-3879;loscar@sbcglobal.net;26/4/1976;FALSE;FALSE;Fort Lauderdale, FL 33351;9969 Primrose Drive
37569970;Camila Leticia Arévalo Cuenca;(353) 426-1757;telbij@verizon.net;20/12/1989;FALSE;FALSE;Palm Harbor, FL 34683;164 West Coffee St.
38287535;Áurea Manuela Piñol Bernal;(856) 331-2705;fmtbebuck@live.com;7/7/1985;FALSE;FALSE;Homestead, FL 33033;7236 Albany Court
32189654;Carina Arcos Vara;(700) 644-2712;evilopie@att.net;20/6/1977;FALSE;FALSE;Orlando, FL 32837;9 East San Carlos Ave.
47972784;Yago Baró Garmendia;(294) 342-2123;aibrahim@icloud.com;28/2/1995;FALSE;FALSE;Boca Raton, FL 33433;7939 Gates St.
44465766;Antonio Folch Grande;(232) 232-3544;uqmcolyv@aol.com;10/1/1986;FALSE;FALSE;Tampa, FL 33612;111 Rockledge Street
44808433;Jose Ramón de Aguilera;(368) 282-4245;hermes@aol.com;18/1/1991;FALSE;FALSE;Miami, FL 33134;32 Vernon St.
34443407;Dulce Caridad Rojas Ángel;(606) 269-6077;krueger@msn.com;2/7/1980;FALSE;FALSE;Daytona Beach, FL 32119;794 Philmont Ave.
38678314;Cruz Benítez;(975) 455-9019;danneng@att.net;30/12/1999;FALSE;FALSE;Jacksonville, FL 32257;7600 Campfire Street
44158475;Fabio Carnero Boix;(473) 353-4079;pgolle@yahoo.com;4/5/1983;FALSE;FALSE;Miami, FL 33165;527 South Indian Summer Court
37315261;Nayara Casanovas Alarcón;(845) 455-2297;scitext@comcast.net;30/12/1995;FALSE;FALSE;Miami, FL 33177;72 S. Lakeview St.
40050256;Miguel Villegas Jover;(811) 819-5474;goresky@gmail.com;30/4/1992;FALSE;FALSE;Gainesville, FL 32608;47 Leatherwood Ave.
42472443;Ildefonso Guillén Arrieta;(923) 852-7654;shawnce@optonline.net;9/12/1995;FALSE;FALSE;Port Saint Lucie, FL 34952;7 Bridle Street
33721911;Jose Ignacio Armas Ramírez;(559) 237-1566;ubergeeb@live.com;18/4/1993;FALSE;FALSE;Tallahassee, FL 32303;3 North Augusta Road
46117242;María Jesús Celestina Casas Carrasco;(930) 751-5153;redingtn@yahoo.ca;12/2/1975;FALSE;FALSE;Tallahassee, FL 32304;848 Lees Creek Ave.
48291129;Mamen Ledesma Escribano;(423) 496-3540;nimaclea@live.com;7/4/1995;FALSE;FALSE;Casselberry, FL 32707;943 Brookside St.
34563992;Ambrosio Casanovas Piquer;(566) 531-0451;iapetus@aol.com;4/10/1989;FALSE;FALSE;Miami, FL 33176;791 Lexington Ave.
47812649;Joan Ferrán Alegria;(923) 361-1596;skythe@outlook.com;23/1/1985;FALSE;FALSE;Lake Worth, FL 33463;8429 Bellevue Avenue
46420630;Vasco Tamayo Barrio;(479) 389-7125;anicolao@aol.com;7/1/1994;FALSE;FALSE;Hollywood, FL 33024;46 Marlborough Drive
44834331;Leire Aroa Alfaro Olmo;(522) 838-0614;hahsler@yahoo.ca;3/12/1982;FALSE;FALSE;Hialeah, FL 33018;9064 William St.
33174734;Felix Guardia Arenas;(463) 645-5648;tokuhirom@comcast.net;7/9/1993;FALSE;FALSE;Miami, FL 33173;4 Belmont Drive
39588524;Gloria Dalmau-Bolaños;(968) 499-4402;mhoffman@live.com;12/6/1973;FALSE;FALSE;Miami, FL 33193;788 Glenholme Dr.
46531474;Eliana Solsona Girón;(263) 379-6789;mahbub@verizon.net;8/3/1983;FALSE;FALSE;Tampa, FL 33615;93 Magnolia Ave.
37540823;Liliana Valdés Bilbao;(316) 405-3234;janneh@gmail.com;4/7/1999;FALSE;FALSE;Jacksonville, FL 32225;93 N. Schoolhouse Street
44180277;Tomasa Feijoo Alvarado;(443) 667-4609;jonathan@yahoo.com;8/4/1979;FALSE;FALSE;Miami, FL 33186;719 Penn Dr.
49236756;José Ángel Vélez Vila;(851) 269-0491;zeitlin@aol.com;14/1/1998;FALSE;FALSE;Pensacola, FL 32503;9 Arrowhead Street
35432036;Pío Roma-Estevez;(727) 313-4625;telbij@yahoo.com;27/2/1972;FALSE;FALSE;Lakeland, FL 33813;176B South Victoria Drive
46141714;Amelia Tello-Toledo;(900) 258-6110;cparis@me.com;17/12/1988;FALSE;FALSE;Sarasota, FL 34231;333 South Tower Ave.
43352227;Roberta de Lamas;(984) 388-6360;dburrows@gmail.com;20/2/1991;FALSE;FALSE;Boynton Beach, FL 33436;952 Acacia Ave.
38096544;Primitivo Melero Daza;(994) 832-9514;budinger@gmail.com;14/12/1975;FALSE;FALSE;Pompano Beach, FL 33068;9973 Armstrong St.
47478797;Benigno Sanz Gomis;(470) 309-6205;mnemonic@comcast.net;20/5/1998;FALSE;FALSE;Orlando, FL 32808;8241 Devon Dr.
43339736;Reyna Rivas Porcel;(510) 332-3248;techie@yahoo.ca;28/1/1974;FALSE;FALSE;Oviedo, FL 32765;419 Sheffield St.
46810989;Olivia Goñi;(608) 742-9416;timlinux@att.net;22/12/1990;FALSE;FALSE;Orlando, FL 32811;8142 Amherst Circle
32972726;Isaac Morcillo-Calvo;(382) 786-4916;dgriffith@gmail.com;26/2/1980;FALSE;FALSE;Cape Coral, FL 33904;345 South Trenton Dr.
39684393;Asdrubal Franco Montaña;(688) 304-8571;credmond@me.com;29/8/1982;FALSE;FALSE;Middleburg, FL 32068;80 Harvey Drive
49197270;Alexandra Ámbar Armengol Campos;(639) 405-1427;vsprintf@live.com;22/3/1988;FALSE;FALSE;Jacksonville, FL 32244;8827 Wilson Lane
40904944;Calisto Menéndez;(648) 441-1338;tubajon@yahoo.ca;30/9/1975;FALSE;FALSE;Ormond Beach, FL 32174;7266 Trout Drive
49177189;Graciana Cintia Iñiguez Heras;(558) 935-7698;overbom@aol.com;24/6/1992;FALSE;FALSE;Hialeah, FL 33010;8028 S. Purple Finch Drive
39385165;Mayte Duarte Alfonso;(398) 257-6801;iamcal@me.com;2/10/1971;FALSE;FALSE;Miami, FL 33157;88 South Brickyard Drive
41831493;María Teresa Llamas Mariño;(226) 474-1021;gboss@icloud.com;23/4/1983;FALSE;FALSE;Altamonte Springs, FL 32714;7434 Second Dr.
44063997;Federico Pizarro Coello;(696) 224-8334;adamk@icloud.com;5/1/1983;FALSE;FALSE;Orlando, FL 32825;8280 S. Pineknoll St.
38027102;Pacífica Córdoba;(861) 766-3153;formis@yahoo.com;28/7/1995;FALSE;FALSE;Fort Lauderdale, FL 33317;8335 Hillcrest Drive
46966923;Rosa Jiménez-Galvez;(283) 579-9362;ngedmond@msn.com;1/7/1971;FALSE;FALSE;Tampa, FL 33610;8 Deerfield St.
40478873;Martirio Bonet;(970) 553-9470;amaranth@icloud.com;12/11/1972;FALSE;FALSE;Miami, FL 33155;8834 Jefferson St.
45035674;Ruy Roldan Lara;(251) 956-4735;chaki@verizon.net;28/9/1992;FALSE;FALSE;Deltona, FL 32725;9951 Strawberry Ave.
43036583;Felisa Múgica Gomez;(461) 415-6750;barlow@mac.com;2/9/1974;FALSE;FALSE;Palm Bay, FL 32907;778 South Street
36452516;Anselma Valentín Malo;(942) 377-8831;barjam@mac.com;4/8/1986;FALSE;FALSE;Tampa, FL 33604;52 Van Dyke Road
36026990;Lino de Busquets;(209) 879-7336;parents@outlook.com;9/7/1973;FALSE;FALSE;Jacksonville, FL 32224;139 Mountainview St.
36702950;Sandra Leiva Aguiló;(786) 225-1408;dodong@comcast.net;18/9/1990;FALSE;FALSE;Saint Petersburg, FL 33713;422 Cedar St.
37905109;Federico Gutiérrez Tamarit;(706) 852-2679;chrisj@gmail.com;28/12/1998;FALSE;FALSE;Fort Lauderdale, FL 33313;472 West Summit Drive
34073181;Aristides Exposito Sánchez;(332) 433-7473;overbom@aol.com;13/11/1995;FALSE;FALSE;Venice, FL 34293;99 S. Pumpkin Hill Ave.
34304236;Claudia Ibañez Peñas;(788) 716-6288;eminence@optonline.net;2/1/1981;FALSE;FALSE;Orlando, FL 32835;7845 Howard St.
35669031;Roque Bejarano;(969) 824-6307;jonathan@att.net;6/7/1979;FALSE;FALSE;Jacksonville, FL 32246;8974 High Point St.
41119328;Sergio Font Mínguez;(578) 987-8609;teverett@yahoo.ca;29/4/1991;FALSE;FALSE;Hollywood, FL 33023;419 High St.
42702928;Luisina Chus Acosta Losa;(864) 796-2642;library@me.com;5/11/1971;FALSE;FALSE;Jacksonville, FL 32211;8847 Oakwood St.
36235390;Eusebia Torre Dalmau;(360) 395-0174;chronos@msn.com;2/9/1977;FALSE;FALSE;Opa Locka, FL 33056;709 Foxrun Ave.
49576984;Pedro Sancho-Garrido;(473) 259-7625;dvdotnet@aol.com;1/5/1980;FALSE;FALSE;Miami Beach, FL 33141;599 Glen Creek Drive
40661046;Blanca Lluch Gonzalo;(585) 896-7221;jguyer@yahoo.com;14/12/1998;FALSE;FALSE;Pompano Beach, FL 33065;214 Adams Street
41050742;Benito Aranda Olivera;(516) 505-2111;symbolic@live.com;9/4/1982;FALSE;FALSE;Miami, FL 33125;1 Grove St.
34743638;Juan Lerma Melero;(948) 883-9967;cyrus@outlook.com;26/11/1983;FALSE;FALSE;Miami, FL 33172;104 Manor St.
46550998;Nayara Fuster Cuesta;(719) 644-3160;russotto@att.net;18/3/1980;FALSE;FALSE;Tallahassee, FL 32308;832 West Dunbar Court
39166315;Maricela Mendizábal-Tejera;(600) 967-9596;fmtbebuck@outlook.com;25/7/1998;FALSE;FALSE;Sarasota, FL 34232;7704 Vale Ave.
33996557;Silvio Ledesma Planas;(997) 396-1254;ovprit@live.com;21/4/1988;FALSE;FALSE;Miami, FL 33126;9830 Shadow Brook Street
40103432;Ovidio García Gabaldón;(289) 891-8370;jimxugle@gmail.com;3/8/1986;FALSE;FALSE;Arcadia, FL 34266;16 Bayberry St.
33141281;Marina Gisbert Huertas;(454) 330-7142;pthomsen@icloud.com;19/5/1984;FALSE;FALSE;Daytona Beach, FL 32114;767 E. Gulf Avenue
33238419;Nazaret Pina Solé;(843) 779-5683;csilvers@sbcglobal.net;2/2/1998;FALSE;FALSE;Miami, FL 33142;8711 Clay Dr.
47909273;Valentina del Diaz;(424) 719-6724;fangorn@optonline.net;30/6/1989;FALSE;FALSE;Riverview, FL 33569;359 South College Lane
37692404;José Antonio Lluch Gutiérrez;(849) 292-8635;cliffordj@msn.com;16/1/1971;FALSE;FALSE;Leesburg, FL 34748;656 Old York Lane
45274736;María Belén Ortega Alvarez;(477) 421-7045;fukuchi@verizon.net;26/10/1997;FALSE;FALSE;Hialeah, FL 33015;8272 Cobblestone Dr.
38870900;Manuelita Barroso-Coloma;(401) 825-3736;kourai@optonline.net;20/7/1986;FALSE;FALSE;Hialeah, FL 33014;485 S. Park St.
47917747;Carmelo Valentín Mancebo;(305) 393-0553;psichel@me.com;8/1/1987;FALSE;FALSE;Fort Lauderdale, FL 33311;170 Indian Spring Rd.
32000127;Jose Ramón Nicolás Marco;(640) 477-1369;chronos@comcast.net;4/5/1995;FALSE;FALSE;Pensacola, FL 32514;507 High Street
41307197;Ruben del Azorin;(225) 944-9455;ccohen@hotmail.com;6/12/1975;FALSE;FALSE;Hialeah, FL 33012;9080 Union St.
38165115;Jordana Riba;(818) 544-9992;quantaman@att.net;3/11/1975;FALSE;FALSE;Winter Park, FL 32792;9585 Cleveland Ave.
46665566;Brunilda Giralt;(248) 248-7570;sthomas@optonline.net;9/3/1990;FALSE;FALSE;Palmetto, FL 34221;95 Sierra Avenue
47802341;Jose Valenciano Osuna;(688) 689-4456;cgcra@yahoo.ca;14/7/1984;FALSE;FALSE;Jacksonville, FL 32207;7942 Winding Way Lane
43624615;Inés Gil-Miralles;(532) 988-8123;szymansk@sbcglobal.net;24/6/1970;FALSE;FALSE;Clermont, FL 34711;7043 Monroe Ave.
48601389;Pío del Lastra;(447) 481-7902;goresky@aol.com;30/3/1982;FALSE;FALSE;Kissimmee, FL 34741;8646 Homewood Street
49076589;Amílcar Valera;(333) 864-8602;staffelb@comcast.net;28/8/1993;FALSE;FALSE;Sanford, FL 32771;452 Ridge Lane
38304530;Laura del Hernandez;(350) 978-7967;jeffcovey@me.com;28/8/1985;FALSE;FALSE;Pensacola, FL 32506;9055 W. Gonzales Street
39595563;Encarnación Iborra;(316) 992-3895;world@yahoo.com;18/5/1975;FALSE;FALSE;Pompano Beach, FL 33071;7735 S. Marshall Circle
48862544;Nicolasa de Verdugo;(247) 429-9544;wetter@mac.com;10/1/1982;FALSE;FALSE;Suite 3;Pompano Beach, FL 33060
33572879;Evaristo Loreto Ferrer Mariño;(843) 742-7308;dwheeler@me.com;16/6/1982;FALSE;FALSE;231 Marsh Lane;Apopka, FL 32703
36720853;Esmeralda Visitación Menéndez Alemán;(770) 393-3543;mastinfo@live.com;7/4/1977;FALSE;FALSE;2 West Vine St.;Miami, FL 33174
36880168;Manuel Melero Palomo;(949) 598-2771;sblack@verizon.net;23/5/1998;FALSE;FALSE;62 Homewood Street;Port Charlotte, FL 33952
48382067;Paca Verdejo Mayoral;(699) 746-9159;ganter@verizon.net;4/10/1988;FALSE;FALSE;95 Delaware Dr.;Fort Lauderdale, FL 33324
48028541;Regina del Parejo;(844) 950-9259;dpitts@hotmail.com;5/4/1981;FALSE;FALSE;8133 Sycamore Street;Jacksonville, FL 32218
38194239;Águeda Giménez Serna;(787) 302-4699;sinkou@me.com;26/5/1998;FALSE;FALSE;8546 Ketch Harbour Ave.;Miami Beach, FL 33139
39454574;Anastasio Montesinos García;(952) 745-8983;chronos@me.com;15/2/1975;FALSE;FALSE;8683 South Drive;Bradenton, FL 34208
36895256;Marisela Quintero Quintero;(873) 828-7242;csilvers@gmail.com;23/12/1978;FALSE;FALSE;17 Silver Spear Drive;Miami, FL 33156
40424160;Isaac Espada Madrigal;(943) 865-9127;aardo@verizon.net;1/7/1974;FALSE;FALSE;60 Lower River St.;Lutz, FL 33549
38730720;Luciana Gaya Álvaro;(668) 821-9575;cantu@gmail.com;2/7/1976;FALSE;FALSE;9661 Aspen St.;North Miami Beach, FL 33160
40118436;Samanta Olmedo;(456) 829-6689;jeffcovey@verizon.net;16/5/1979;FALSE;FALSE;265 Mill Pond Dr.;Miami, FL 33169
37997388;Osvaldo Atilio Jover Herrera;(224) 518-9412;lydia@gmail.com;17/8/1972;FALSE;FALSE;7440 Cherry Hill Court;Titusville, FL 32780
34176439;Tere Montenegro Expósito;(822) 587-3348;ubergeeb@msn.com;26/3/1987;FALSE;FALSE;8958 Golf St.;Boynton Beach, FL 33437
40977171;Nicodemo Alegre-Izquierdo;(699) 407-0837;jshirley@outlook.com;8/3/1978;FALSE;FALSE;654 S. Jones Street;Stuart, FL 34997
32443009;Adelardo Chico-Cuesta;(272) 549-4608;niknejad@me.com;1/11/1993;FALSE;FALSE;735 E. Newbridge St.;Lake Worth, FL 33461
33952608;Dorotea Diez Aznar;(887) 405-0872;punkis@sbcglobal.net;14/2/1983;FALSE;FALSE;607 Cherry Hill Street;Bradenton, FL 34207
38787006;Donato Noguera Mármol;(762) 491-8640;skaufman@comcast.net;8/6/1989;FALSE;FALSE;732 Prince Lane;Bradenton, FL 34209
48403613;María Del Carmen Benítez-Lozano;(368) 723-8977;kmiller@yahoo.com;29/3/1998;FALSE;FALSE;27 Grandrose Ave.;Port Richey, FL 34668
39470211;Roxana Sanjuan Nieto;(698) 412-9077;hoangle@verizon.net;19/5/1998;FALSE;FALSE;895 Sleepy Hollow St.;Orange Park, FL 32073
41395234;Primitiva Villalba Valenciano;(302) 256-8455;miturria@aol.com;27/8/1976;FALSE;FALSE;767 North Miller St.;Miami, FL 33147
37369009;Aura Manzano Pedrero;(917) 817-2323;bartlett@verizon.net;5/2/1984;FALSE;FALSE;7049 Water Road;Hialeah, FL 33016
41803268;Sabas Macario Murcia Quintanilla;(272) 983-1657;afifi@icloud.com;2/7/1983;FALSE;FALSE;17 South Court;Saint Petersburg, FL 33702
32225625;Apolinar Falcón-Cadenas;(334) 772-1013;keiji@aol.com;1/1/1975;FALSE;FALSE;9198 West Grant Street;Orlando, FL 32822
39845314;Horacio Gallego Matas;(299) 772-6764;kramulous@icloud.com;29/10/1996;FALSE;FALSE;50 Lawrence Rd.;Tallahassee, FL 32310
46186360;Curro Cañellas-Abad;(229) 988-7982;cantu@mac.com;28/12/1982;FALSE;FALSE;858 Race St.;Jacksonville, FL 32210
44646579;Julio Corominas;(583) 883-0821;wojciech@live.com;13/12/1977;FALSE;FALSE;93 East Longbranch Dr.;Hollywood, FL 33020
33988333;Dominga Olmedo Lara;(464) 724-8248;dogdude@gmail.com;31/1/1987;FALSE;FALSE;19 Victoria Street;London
44366733;Norberto Cortés Coca;(468) 449-7481;tmaek@verizon.net;30/4/1998;FALSE;FALSE;NW48 5MP;135 Kingsway
42100966;Juana Valls Ruiz;(628) 943-0691;dmath@live.com;27/12/1992;FALSE;FALSE;London;N87 3AI
39257812;Inés García Nevado;(712) 908-2589;heine@gmail.com;28/4/1992;FALSE;FALSE;41 School Lane;London
32179509;Marianela Pablo Samper;(987) 571-6279;ramollin@aol.com;10/6/1971;FALSE;FALSE;NW31 7RM;45 Park Road
49839585;Azahar Solsona;(929) 373-3828;esbeck@msn.com;31/12/1970;FALSE;FALSE;London;SE80 5TY
36770054;Patricia Leon Grande;(734) 789-3855;tarreau@optonline.net;2/5/2000;FALSE;FALSE;54 Kingsway;London
32759313;Inmaculada Moles-Verdú;(733) 556-5309;crypt@gmail.com;2/8/1979;FALSE;FALSE;N75 6DC;9746 Church Lane
44124828;Piedad Casanova;(429) 856-2926;flavell@aol.com;13/4/1991;FALSE;FALSE;London;WC57 1VD
44753907;Dafne Amigó-Arias;(867) 348-9295;dpitts@yahoo.ca;5/11/1982;FALSE;FALSE;9241 Grove Road;London
36234985;Anabel Tur Llorens;(698) 662-7980;rsteiner@sbcglobal.net;21/10/1999;FALSE;FALSE;SE50 2RD;16 West Street
37090079;Danilo Jose Antonio Escobar Muro;(632) 905-5610;clkao@mac.com;30/1/1991;FALSE;FALSE;London;N51 9IV
49232672;Aura Salcedo Vigil;(901) 282-1660;slaff@yahoo.ca;17/2/1991;FALSE;FALSE;168 The Green;London
48628016;Ramiro Cepeda Casanova;(229) 509-6838;emmanuel@hotmail.com;11/12/1973;FALSE;FALSE;N47 9MT;54 West Street
37699335;Nadia Tormo;(852) 727-9985;evans@icloud.com;8/7/1987;FALSE;FALSE;London;N49 7QC
35364107;Paola González Piquer;(878) 768-5731;tezbo@verizon.net;14/6/1970;FALSE;FALSE;165 Springfield Road;London
47090936;Remedios Quesada Heredia;(577) 307-6609;naoya@yahoo.ca;10/6/1986;FALSE;FALSE;E03 6OB;6 Queen Street
34133203;Andrés Cortés Fuertes;(799) 915-9575;benanov@me.com;29/5/1996;FALSE;FALSE;London;SW74 3DH
36085479;María Ángeles Infante-Cabanillas;(744) 335-2955;mwandel@gmail.com;11/5/1972;FALSE;FALSE;64 South Street;London
44809527;Heliodoro Antonio Baena Tejada;(617) 452-1538;breegster@comcast.net;2/5/1985;FALSE;FALSE;W94 3IX;74 High Street
34619584;Belen Carballo Lladó;(919) 981-1829;scato@msn.com;9/11/1999;FALSE;FALSE;London;NW61 4VP
44081686;Quique Márquez Torralba;(528) 684-9875;mwilson@comcast.net;23/6/1984;FALSE;FALSE;601 London Road;London
36045069;Felicidad Amor Cerdán;(494) 899-6340;cgarcia@live.com;26/9/1991;FALSE;FALSE;E98 4TE;94 High Street
49601709;Esteban de Serrano;(701) 769-5447;nimaclea@optonline.net;7/11/1998;FALSE;FALSE;London;NW45 7HR
41094175;Eligia Javiera Lladó Pla;(388) 723-4833;gtewari@gmail.com;19/2/1999;FALSE;FALSE;46 Victoria Street;London
37588559;Nidia Ordóñez Cañas;(936) 408-8750;wmszeliga@att.net;8/9/1970;FALSE;FALSE;W96 8WX;78 Queens Road
42831231;Adelaida de Egea;(291) 231-4877;kramulous@aol.com;13/11/1971;FALSE;TRUE;London;NW54 0QU
36613935;Dalila Torre Amores;(574) 819-4630;ninenine@comcast.net;31/1/1986;FALSE;FALSE;9 Station Road;London
40141454;Roldán Guardia;(898) 602-2321;jgmyers@gmail.com;9/3/1989;FALSE;FALSE;EC65 7IP;47 Green Lane
43638560;Gabino Barragán Figueroa;(324) 842-3359;crobles@msn.com;28/1/1971;FALSE;FALSE;London;NW58 2FV
34487926;Amanda Chamorro-Vives;(674) 307-5065;jgoerzen@msn.com;1/12/1992;FALSE;FALSE;71 North Street;London
37328456;José Cañas Martinez;(860) 430-9246;frikazoyd@verizon.net;19/3/1981;FALSE;FALSE;W85 2FV;68 School Lane
45882392;Benita Exposito Mínguez;(349) 220-3362;wonderkid@yahoo.com;30/8/1979;FALSE;FALSE;London;SW78 3UE
33291266;Nerea de Portero;(552) 912-4336;wonderkid@yahoo.ca;14/10/1981;FALSE;FALSE;51 Manchester Road;London
41708720;Benjamín de Palau;(841) 890-5507;ajlitt@gmail.com;2/5/1973;FALSE;FALSE;NW17 8IR;11 Church Street
49310919;Cristina Arranz-Muro;(810) 993-2143;seurat@icloud.com;5/4/1995;FALSE;FALSE;London;E17 8EH
34224548;Lupe Pellicer Marco;(454) 648-4285;bryanw@yahoo.com;3/10/1997;FALSE;FALSE;468 Springfield Road;London
37458516;Cándida Pinedo Dalmau;(263) 975-5248;kingma@outlook.com;25/4/1984;FALSE;FALSE;SW96 2IA;47 Windsor Road
36847312;Carmelita Antón Escalona;(229) 791-0591;adillon@yahoo.com;11/2/1993;FALSE;FALSE;London;E76 2PS
48317007;Felicidad Macias Vall;(239) 230-6723;sonnen@yahoo.ca;4/10/1989;FALSE;FALSE;21 Grange Road;London
47069524;Fanny Cortes Palacios;(519) 834-6230;gilmoure@aol.com;13/4/1993;FALSE;TRUE;SE96 8YE;2 Richmond Road
49277860;Eusebio Barros Guardia;(927) 989-2134;thomasj@hotmail.com;19/11/1980;FALSE;FALSE;London;SW71 6OY
49460109;Leocadio Requena-Barriga;(750) 231-1278;kewley@att.net;5/4/1976;FALSE;FALSE;95 Highfield Road;London
46557759;Abril Feijoo-Goñi;(993) 819-1581;noneme@sbcglobal.net;10/11/1975;FALSE;FALSE;N05 7OW;145 The Grove
39661070;Luciano Agustí López;(992) 764-6787;yamla@gmail.com;16/6/1976;FALSE;FALSE;London;N56 8HM
41650436;Carlos Flores Nevado;(426) 616-7643;tkrotchko@icloud.com;2/10/1987;FALSE;FALSE;953 School Lane;London
33127883;Pastora Galán Mariño;(782) 483-8539;ribet@yahoo.ca;17/7/1979;FALSE;FALSE;E64 5WK;96 Mill Road
45162163;Corona Aitana Julián Salvà;(758) 784-6496;bahwi@sbcglobal.net;9/8/1998;FALSE;FALSE;London;SE54 9NC
45190043;Jerónimo Peinado-Morales;(353) 949-8642;pkilab@mac.com;22/3/2000;FALSE;FALSE;481 Park Road;London
46855518;Nicanor García Perez;(419) 271-2209;msroth@verizon.net;26/3/1991;FALSE;FALSE;NW10 6DG;82 Kingsway
38918963;Lisandro Guillermo Delgado Porcel;(695) 831-3671;killmenow@aol.com;13/10/1982;FALSE;FALSE;London;E73 8ZM
46345127;Natanael Vallés Prieto;(471) 654-4289;ribet@icloud.com;28/11/1998;FALSE;FALSE;800 Mill Road;London
41242485;Xiomara Sáenz Batalla;(610) 698-5603;wildfire@yahoo.ca;18/7/1982;FALSE;FALSE;NW83 2EN;93 South Street
33724234;Santos Zurita Barrio;(848) 708-6921;kingjoshi@icloud.com;6/10/1991;FALSE;FALSE;London;SW31 4DR
33322924;Isidro Rozas Gámez;(425) 759-6711;stinson@hotmail.com;5/5/1998;FALSE;FALSE;136 Kingsway;London
37054382;Patricia Raquel Carnero Agullo;(536) 509-3496;tmaek@mac.com;25/8/1977;FALSE;FALSE;N59 6EV;95 Church Lane
34728375;Patricio Alberola Sandoval;(682) 371-3633;boein@icloud.com;14/2/1983;FALSE;FALSE;London;N85 0RM
49952420;Bibiana Barrio;(395) 739-7429;pdbaby@icloud.com;19/3/1976;FALSE;FALSE;26 Grove Road;London
42067729;Lucila del Coronado;(496) 593-3991;gordonjcp@gmail.com;25/12/1979;FALSE;FALSE;EC01 3ZX;9268 High Street
35479117;Danilo Matas Vicente;(422) 591-9860;choset@yahoo.com;21/4/1984;FALSE;FALSE;London;WC82 9HS
46252823;Duilio Lucas Feliu;(614) 614-8713;jyoliver@verizon.net;8/10/1974;FALSE;FALSE;34 Manor Road;London
37809694;José Reyes Leal;(543) 365-7239;mglee@msn.com;20/3/2000;FALSE;FALSE;NW45 6ST;9047 York Road
41177720;Nicolás Pascual Gabaldón Paniagua;(953) 224-1239;jgmyers@yahoo.com;12/2/1987;FALSE;FALSE;London;W14 9ZK
33589456;Gonzalo Barberá Gimeno;(719) 666-7774;jadavis@comcast.net;22/3/1987;FALSE;FALSE;44 School Lane;London
33288981;Marco Sanchez Yuste;(740) 214-9501;presoff@mac.com;8/3/1993;FALSE;FALSE;W09 2TG;9829 York Road
36646619;Alejandra Olivera;(957) 947-6883;jadavis@outlook.com;22/10/1983;FALSE;FALSE;London;SE98 6GP
48585872;Sandra Leiva Planas;(454) 614-0576;willg@yahoo.com;15/1/1994;FALSE;FALSE;65 Kings Road;London
32490510;Sigfrido Urrutia Vargas;(501) 237-3656;gbacon@gmail.com;24/2/1971;FALSE;FALSE;SE57 3KJ;9541 The Avenue
46116770;Nydia Ureña Serrano;(302) 344-8410;quantaman@me.com;17/1/1992;FALSE;FALSE;London;N19 4UF
46410392;Etelvina Tolosa Exposito;(364) 877-2311;cantu@att.net;26/6/1978;FALSE;FALSE;45 Main Road;London
35128142;Adriana Gilabert Bravo;(209) 900-1460;oechslin@mac.com;13/9/1994;FALSE;TRUE;EC64 1KL;352 Highfield Road
40405137;Juan José Giménez Calzada;(705) 896-8293;tkrotchko@comcast.net;2/1/1970;FALSE;FALSE;London;EC82 3UN
36559727;Emiliana Marti Manso;(845) 453-8354;keiji@mac.com;5/3/1974;FALSE;FALSE;710 Richmond Road;London
35429376;Adora Solera Juliá;(222) 401-6952;ubergeeb@sbcglobal.net;2/3/1988;FALSE;TRUE;W56 7HP;60 Kingsway
46089053;Sancho Arregui Ibañez;(226) 882-1823;hutton@live.com;25/1/1993;FALSE;FALSE;London;NW31 4PH
39310471;Sonia Pacífica Aranda Durán;(876) 391-9261;nacho@icloud.com;24/10/1973;FALSE;FALSE;95 South Street;London
33350096;Aitor Pelayo Tello;(942) 807-6926;kingjoshi@hotmail.com;14/1/1980;FALSE;FALSE;NW58 7WR;16 Green Lane
45052285;Juana Losa Villar;(772) 705-5952;pontipak@live.com;14/2/1990;FALSE;FALSE;London;N83 0BL
48192399;Goyo Ríos Guerra;(840) 981-1117;bogjobber@msn.com;18/4/1992;FALSE;FALSE;208 Grove Road;London
42465566;Rufino Beltran-Torralba;(693) 870-1822;alhajj@mac.com;22/10/1982;FALSE;FALSE;W43 9QS;6 Main Road
47984721;Apolonia Pareja Real;(388) 451-5422;blixem@mac.com;24/11/1992;FALSE;FALSE;London;SW18 9FH
37540980;Herminia Samper Sureda;(780) 656-1096;zilla@sbcglobal.net;22/5/1992;FALSE;FALSE;85 Broadway;London
44826907;Loida Morera;(579) 952-6808;shaffei@msn.com;2/6/1988;FALSE;FALSE;N71 3MK;72 Queen Street
33138554;Milagros Cadenas;(387) 538-2533;breegster@live.com;16/10/1983;FALSE;FALSE;London;SE85 6RQ
37324817;Ema Saura;(727) 372-5713;pplinux@yahoo.com;18/1/1993;FALSE;FALSE;877 North Road;London
36273566;Angelino Ibañez Bonet;(317) 672-5744;nasarius@optonline.net;27/7/1985;FALSE;FALSE;W93 5YP;18 York Road
44021602;Candelas Gutierrez Solana;(329) 891-2077;kuparine@live.com;7/6/1991;FALSE;FALSE;London;N49 2BS
42190699;Lucio Figuerola-Lorenzo;(398) 404-4531;rohitm@comcast.net;19/5/1985;FALSE;FALSE;1 The Avenue;London
43469870;Benita Ramírez Ribera;(951) 374-6032;msloan@sbcglobal.net;30/5/1973;FALSE;FALSE;W02 8UK;549 West Street
45318742;Zaida Tovar Tolosa;(361) 244-5124;jschauma@sbcglobal.net;5/7/1970;FALSE;FALSE;London;NW17 2GU
35374398;Héctor Puga Tudela;(308) 927-4163;ramollin@icloud.com;24/2/1982;FALSE;FALSE;62 Richmond Road;London
35550487;Adelina Carmona Bayo;(604) 635-3303;seanq@gmail.com;5/1/1975;FALSE;FALSE;W42 9AC;89 West Street
35301392;Carmelita Tejedor Casas;(334) 850-8140;bartak@sbcglobal.net;23/7/1991;FALSE;FALSE;London;EC06 1BX
46865301;Bernarda Quero Córdoba;(551) 463-3914;jeteve@outlook.com;19/4/1975;FALSE;FALSE;45 The Crescent;London
34591367;Evita Alfaro Miguel;(732) 565-1110;wsnyder@live.com;10/12/1979;FALSE;FALSE;SE53 2CJ;42 Albert Road
44805101;Lidia Reyes Carbajo Pla;(312) 348-5773;sinclair@gmail.com;15/1/1985;FALSE;FALSE;London;W73 9BU
40648060;Carlota Rosell Baños;(637) 729-8146;gboss@verizon.net;8/1/1988;FALSE;FALSE;28 Windsor Road;London
48453223;Fausto Montero Sanmartín;(809) 618-5906;helger@yahoo.ca;12/10/1999;FALSE;FALSE;EC06 3FQ;36 Albert Road
38975513;Lalo Castellanos Rueda;(875) 247-7784;chrwin@me.com;4/12/1997;FALSE;FALSE;London;W06 3RG
37227050;Sabina Jover-Mendoza;(922) 389-1420;frosal@me.com;24/5/1975;FALSE;FALSE;3 St. John’s Road;London
44968881;Nuria Mur;(358) 338-4360;jfinke@optonline.net;6/11/1988;FALSE;FALSE;WC80 6TR;16 School Lane
46345610;Feliciana Gutierrez Mora;(371) 781-3986;tbmaddux@comcast.net;18/9/1980;FALSE;FALSE;London;E18 4JN
47358538;Jerónimo Vidal Hernandez;(994) 884-8160;gumpish@aol.com;5/10/1991;FALSE;FALSE;22 Church Street;London
44591741;Fortunata Jordán;(410) 711-4695;pplinux@icloud.com;21/9/1981;FALSE;FALSE;NW51 4UV;91 Springfield Road
43009691;Manu Céspedes Corominas;(679) 967-9642;cvrcek@att.net;24/10/1992;FALSE;FALSE;London;SW78 0SY
40248351;Áurea Guzman;(392) 902-5044;neuffer@verizon.net;22/9/1998;FALSE;FALSE;96 The Avenue;London
35313061;Modesta Lledó Izquierdo;(812) 508-9807;jsbach@msn.com;24/6/1987;FALSE;FALSE;SE59 7HT;17 North Road
43834795;Telmo Lastra-Cuervo;(422) 416-4444;biglou@yahoo.com;16/2/1998;FALSE;FALSE;London;E76 4QI
41002956;Iris Camino-Briones;(473) 919-0061;andale@icloud.com;21/4/1971;FALSE;FALSE;5 George Street;London
47778307;Clarisa Belda Cid;(822) 736-4675;irving@me.com;3/5/1999;FALSE;FALSE;N05 2BR;78 Church Road
43900627;Petrona Palau Soto;(833) 823-6470;cisugrad@icloud.com;24/10/1994;FALSE;FALSE;London;E48 9XF
47788593;Cándido Alcázar Canales;(413) 463-3164;gator@gmail.com;13/5/1986;FALSE;FALSE;44 Manor Road;London
43980176;Jose Carlos Lopez Lledó;(780) 604-2895;bflong@sbcglobal.net;15/9/1989;FALSE;FALSE;SW74 1UW;9822 Victoria Street
45105386;Adoración de Casanova;(262) 211-0265;jginspace@outlook.com;21/4/1990;FALSE;TRUE;London;NW53 4EZ
32324081;Gregorio Salamanca;(268) 712-7660;mugwump@gmail.com;17/5/1981;FALSE;FALSE;90 St. John’s Road;London
43286338;Miguel Llopis;(744) 267-9349;noticias@hotmail.com;29/8/1979;FALSE;FALSE;E21 5SK;93 London Road
40888352;Eutimio Gilberto Pagès Ricart;(949) 257-2530;bartlett@aol.com;27/1/1974;FALSE;FALSE;London;N67 8OM
47522998;Anita Roca-Soler;(834) 971-5240;mlewan@mac.com;2/8/1986;FALSE;FALSE;82 West Street;London
35549477;Adalberto Gomis-Bello;(707) 279-5282;fukuchi@sbcglobal.net;1/12/1990;FALSE;FALSE;W06 1LQ;17 Manchester Road
39977192;Paz Giner Reig;(934) 362-5596;mhoffman@me.com;18/7/1998;FALSE;FALSE;London;WC13 9CG
41535538;Horacio Cuéllar Escobar;(336) 533-6650;mxiao@icloud.com;14/4/1992;FALSE;FALSE;7 Stanley Road;London
49579848;Urbano Real-Tolosa;(375) 573-3606;linuxhack@verizon.net;7/9/1972;FALSE;FALSE;EC36 4JR;9482 Richmond Road
32551900;Curro Segarra Peinado;(944) 481-9531;speeves@me.com;19/4/1990;FALSE;FALSE;London;SW21 0LV
32039668;Clemente Nevado;(466) 210-7434;petersko@sbcglobal.net;18/9/1999;FALSE;FALSE;319 The Grove;London
49920890;Azucena Elías Heredia;(832) 804-2690;baveja@optonline.net;7/1/1977;FALSE;FALSE;E75 8HS;580 Broadway
32402142;Nicolasa Villena-Saura;(347) 847-3387;koudas@optonline.net;15/4/1989;FALSE;FALSE;London;N85 9WT
45843318;Luis Miguel Amaya;(301) 821-4226;sravani@hotmail.com;21/4/1990;FALSE;FALSE;65 High Street;London
42023932;Salomé Pla Pons;(462) 752-6248;crowemojo@optonline.net;29/10/1991;FALSE;FALSE;N12 0BH;87 Main Road
34775901;Nazaret Morán Escamilla;(400) 658-1904;themer@hotmail.com;30/8/1980;FALSE;FALSE;London;WC72 9SR
43127805;Rafael Edu Zamorano Ochoa;(596) 653-4507;jdhedden@live.com;9/10/1973;FALSE;FALSE;71 Stanley Road;London
46611610;Sergio Salmerón Carreras;(519) 384-8287;chance@live.com;22/1/1992;FALSE;FALSE;WC50 3YX;9496 Main Street
35821239;Mamen del Carrasco;(896) 641-7976;mcnihil@verizon.net;19/8/1980;FALSE;FALSE;London;EC92 0MA
38137139;Tecla Aparicio Boada;(288) 958-3534;jnolan@verizon.net;30/3/1978;FALSE;FALSE;517 Stanley Road;London
32418017;Amado Rodríguez Girón;(871) 820-2589;henkp@icloud.com;4/1/1988;FALSE;FALSE;SW28 3JH;382 West Street
32556403;Jordi Seco Cantón;(303) 681-8666;caidaperl@verizon.net;1/7/1976;FALSE;FALSE;London;SE06 9AR
47100278;Manu Vega Girona;(385) 830-3297;thowell@me.com;10/6/1980;FALSE;FALSE;69 High Street;London
36981770;Basilio Riquelme Gordillo;(971) 618-7510;techie@yahoo.com;21/6/1976;FALSE;FALSE;N75 9BF;859 George Street
46767369;Emiliano Marín;(851) 584-2900;mfburgo@sbcglobal.net;27/11/1998;FALSE;FALSE;London;N12 9TU
33877447;Itziar de Castellanos;(247) 995-5965;dpitts@yahoo.ca;29/10/1994;FALSE;FALSE;41 Alexander Road;London
36162184;Carmelita del Cabezas;(998) 535-6878;scotfl@gmail.com;31/10/1986;FALSE;FALSE;NW29 1SG;763 The Green
37976370;Rufina Ballester Llamas;(350) 396-0627;mhouston@mac.com;9/12/1970;FALSE;FALSE;London;E86 3DU
49634643;Obdulia Escribano;(770) 862-7445;mmccool@mac.com;23/11/1973;FALSE;FALSE;84 Church Lane;London
33394901;Eli Montero;(786) 235-4329;gamma@live.com;5/4/1984;FALSE;FALSE;E61 2JK;5 King Street
45415015;Edelmiro Expósito Colomer;(300) 685-3494;gastown@me.com;20/9/1989;FALSE;FALSE;London;SW74 1QG
46022397;Encarnacion Calderón-Olmedo;(226) 599-5111;earmstro@optonline.net;5/6/1998;FALSE;FALSE;319 Alexander Road;London
32701292;Toribio Aller Parra;(560) 348-7975;luebke@gmail.com;4/12/1988;FALSE;FALSE;NW41 9IZ;9 Chester Road
42095782;Hugo Tamarit Hoz;(693) 263-4900;jschauma@gmail.com;1/5/1990;FALSE;FALSE;London;NW12 4XH
33391393;Renata del Alberola;(546) 784-9818;kiddailey@hotmail.com;13/12/1995;FALSE;FALSE;363 The Green;London
37921522;Prudencio Carreras Cobo;(212) 965-6554;hakim@comcast.net;2/7/1987;FALSE;FALSE;W28 9FC;62 The Green
42237773;Fabio de Arrieta;(889) 443-1755;aukjan@sbcglobal.net;24/12/1978;FALSE;FALSE;London;NW06 8XV
35274194;Ciro Hernando Puga Patiño;(848) 779-2483;policies@hotmail.com;10/6/1999;FALSE;FALSE;78 Springfield Road;London
39879053;Efraín Anguita Torres;(805) 697-3346;lbaxter@outlook.com;26/7/1973;FALSE;FALSE;NW41 6MG;92 Church Lane
43531072;Claudia Clemente Bertrán;(913) 721-8266;grolschie@mac.com;30/8/1993;FALSE;FALSE;London;N23 0XZ
36777760;Brunilda Paredes-Fajardo;(282) 349-2003;mjewell@hotmail.com;8/12/1970;FALSE;FALSE;9 Main Road;London
46091396;Nicolás Moles Colomer;(963) 229-9721;rande@hotmail.com;7/8/1988;FALSE;FALSE;SW19 4ZN;9529 Springfield Road
32301449;Fátima Alemany Puerta;(546) 649-9186;gravyface@optonline.net;14/4/1974;FALSE;FALSE;London;SW41 7WV
37573741;Gabriela González Robles;(790) 423-9896;symbolic@aol.com;17/3/1972;FALSE;FALSE;76 The Grove;London
34543970;Norberto Cerdá-Fernández;(402) 426-6854;payned@sbcglobal.net;21/10/1998;FALSE;FALSE;SE80 7ZT;72 New Road
43143879;Mónica Colom Larrea;(258) 814-1284;zeitlin@msn.com;25/8/1984;FALSE;FALSE;London;N70 4MS
35975285;Eusebio González Figuerola;(832) 468-1526;shang@outlook.com;13/1/1974;FALSE;FALSE;5 Victoria Street;London
47035971;Isaac del Amaya;(587) 654-1459;atmarks@mac.com;30/11/1979;FALSE;FALSE;N28 3JE;89 York Road
38264988;Víctor Gisbert;(786) 599-5695;jugalator@optonline.net;22/12/1972;FALSE;FALSE;London;NW26 3BP
38219192;Paca Castell Viana;(673) 380-1953;amimojo@yahoo.com;8/3/1982;FALSE;FALSE;9535 Manchester Road;London
40025898;Belen Zoraida Baró Lozano;(787) 598-7416;library@outlook.com;20/6/1975;FALSE;FALSE;N85 7LD;925 George Street
40973842;Pastor Fuente Arenas;(252) 212-3211;mwandel@verizon.net;7/9/1995;FALSE;FALSE;London;NW69 5KE
37637314;Amaro Quero Paredes;(458) 895-2442;mfburgo@hotmail.com;12/4/1980;FALSE;FALSE;520 Albert Road;London
33362193;Margarita del Coronado;(901) 850-8259;hyper@yahoo.ca;17/7/1995;FALSE;FALSE;SE34 0ME;68 Main Road
49348165;Calixto España Jove;(625) 448-6097;rjones@sbcglobal.net;25/11/1995;FALSE;FALSE;London;N36 2IX
40488592;Sofía Mulet Benet;(556) 902-0359;naoya@aol.com;5/5/1987;FALSE;FALSE;567 Albert Road;London
44309509;Melania Ariadna Barceló Garcés;(419) 691-3967;hermanab@mac.com;30/3/1980;FALSE;FALSE;WC72 9NZ;38 Richmond Road
49745443;Albina Dulce Nieto Ferrándiz;(299) 917-8437;pakaste@icloud.com;29/4/1997;FALSE;FALSE;London;W46 2BU
35042413;Pepita Roig;(568) 949-0998;wainwrig@optonline.net;10/8/1983;FALSE;FALSE;23 Park Avenue;London
48547928;Marcela Leal Montes;(377) 519-0306;jeteve@optonline.net;26/12/1985;FALSE;FALSE;SW89 6BP;9772 George Street
45368981;Paloma Salvà Carvajal;(266) 259-5870;singer@yahoo.ca;26/3/1975;FALSE;FALSE;London;EC32 7ZT
36841247;Adelia Martí Bello;(399) 366-1808;telbij@msn.com;18/10/1990;FALSE;FALSE;584 Park Avenue;London
41528923;Atilio Batalla Rios;(494) 586-8976;bancboy@verizon.net;31/1/1988;FALSE;FALSE;SW73 5IR;99 High Street
40764760;Felicia Novoa Cózar;(255) 815-9078;thassine@sbcglobal.net;3/5/1993;FALSE;FALSE;London;W07 1MG
49780468;Petrona Guardia Céspedes;(727) 783-4000;skajan@gmail.com;24/5/1993;FALSE;FALSE;81 Manor Road;London
33846008;Tito Oliveras-Mármol;(848) 504-4182;mjewell@verizon.net;30/9/1981;FALSE;FALSE;N69 4QH;47 St. John’s Road
40747052;Urbano Plana Cornejo;(746) 203-6657;augusto@outlook.com;4/4/1987;FALSE;FALSE;London;SE32 0CN
35728008;Anselma Rodriguez Bernad;(865) 416-9258;crandall@comcast.net;28/7/1984;FALSE;FALSE;21 Manor Road;London
38983046;Adrián Fabra Viña;(965) 404-9334;tokuhirom@msn.com;4/3/1996;FALSE;FALSE;EC85 9TN;82 George Street
32948589;Nicolasa Becerra Sánchez;(928) 728-1293;martyloo@verizon.net;2/7/1984;FALSE;FALSE;London;WC75 0HJ
33254179;Ágata Carbajo Calvo;(979) 684-4030;floxy@gmail.com;2/6/1982;FALSE;FALSE;9459 King Street;London
38768242;Pepita Laura Lladó Franch;(667) 933-2880;paulv@verizon.net;12/7/1992;FALSE;FALSE;WC09 3CX;7 South Street
37363957;Noemí Carpio Seco;(569) 583-5618;linuxhack@msn.com;8/3/1973;FALSE;FALSE;London;E78 3QR
33142609;Edelmira Mosquera Recio;(553) 319-8193;tlinden@mac.com;13/3/1993;FALSE;FALSE;288 Broadway;London
48470787;Petrona Fonseca Martínez;(216) 642-1783;juerd@gmail.com;3/5/1977;FALSE;FALSE;N82 6DQ;79 North Road
37619392;Fernando Peralta Arévalo;(758) 641-0007;stellaau@comcast.net;29/5/1983;FALSE;FALSE;London;NW36 9XU
33072178;Ariel Florencio Dávila Aramburu;(647) 600-0763;miturria@yahoo.ca;23/2/1975;FALSE;FALSE;13 Victoria Road;London
44028869;Magdalena Almansa Bayona;(389) 210-4301;inico@yahoo.com;11/11/1983;FALSE;FALSE;W62 7UD;43 The Green
42587796;Amancio Chuy Cañas Garcia;(559) 237-4254;joelw@verizon.net;1/5/1974;FALSE;FALSE;London;N75 9JP
49767413;Xiomara Albero Palomares;(425) 639-1001;jshirley@me.com;5/11/1971;TRUE;FALSE;42 Stanley Road;London
40544277;Moreno del Armas;(912) 744-3841;ranasta@mac.com;14/6/1976;FALSE;FALSE;WC10 7YI;477 London Road
34119873;Mayte Arjona Mir;(420) 734-0267;frikazoyd@live.com;13/8/1976;TRUE;FALSE;London;W39 2MS
44975335;Elena Conde Alonso;(642) 256-2742;osrin@aol.com;2/1/1977;FALSE;FALSE;1 North Road;London
41982804;Celia Peinado Riquelme;(440) 856-1816;pthomsen@verizon.net;27/3/1998;FALSE;FALSE;SE21 8PJ;23 Main Road
46801747;José Mas Diaz;(236) 758-1959;eurohack@optonline.net;28/11/1976;FALSE;FALSE;London;W79 6UG
34526617;Marco del Almansa;(454) 251-7217;csilvers@outlook.com;31/7/1986;FALSE;FALSE;874 Manor Road;London
45970416;Ariel Martorell Quero;(554) 671-5835;rasca@icloud.com;18/8/1993;FALSE;FALSE;EC17 3MA;954 Windsor Road
49706209;Claudia Ibañez Macías;(796) 405-5951;donev@yahoo.com;5/12/1974;FALSE;FALSE;London;WC13 6VO
36865641;Morena Llanos Dalmau;(355) 836-1997;psichel@yahoo.ca;3/2/1998;FALSE;FALSE;823 The Green;London
43036064;Tecla Gertrudis Fortuny Santana;(286) 437-9985;ranasta@att.net;17/5/1970;FALSE;FALSE;W95 4IQ;9 Stanley Road
44857377;Jose Francisco Martí Crespo;(728) 630-9093;lbaxter@verizon.net;4/7/1983;FALSE;FALSE;London;N74 6MB
48092218;Teresita Donaire Prieto;(375) 276-9555;rnewman@yahoo.com;14/6/1988;FALSE;FALSE;45 South Street;London
46366364;Sofía Campillo Meléndez;(303) 888-3580;intlprog@optonline.net;31/12/1977;FALSE;FALSE;SE29 0XB;1 Kings Road
33838979;Paola Anastasia Peral Gracia;(620) 263-0937;jgoerzen@sbcglobal.net;3/12/1984;FALSE;FALSE;London;SW63 0GX
48846552;Fabián Ojeda Duran;(285) 569-3815;shrapnull@mac.com;29/4/1972;FALSE;FALSE;75 The Drive;London
42422642;Pascuala Conde-Amat;(933) 493-1296;teverett@yahoo.com;23/12/1984;FALSE;FALSE;NW49 8JX;919 Queensway
42970614;Vicente de Manzano;(984) 925-1479;jdhedden@verizon.net;13/4/1970;FALSE;FALSE;London;E25 7BW
38307373;Serafina de Suárez;(745) 969-2385;miami@hotmail.com;13/3/1977;FALSE;FALSE;893 Church Lane;London
32749010;Benita Susanita Segarra Comas;(385) 423-8512;reeds@sbcglobal.net;3/4/1984;FALSE;FALSE;SE91 4YS;9633 Highfield Road
41376034;Casemiro Aliaga Arce;(541) 380-9655;jmmuller@hotmail.com;29/5/1983;FALSE;FALSE;London;WC40 6RS
33447471;Renato Machado Pla;(499) 251-4292;mailarc@verizon.net;30/12/1993;FALSE;FALSE;5 Kingsway;London
36639149;Desiderio Mendoza Escobar;(889) 376-3128;sfoskett@sbcglobal.net;19/12/1980;FALSE;FALSE;EC74 0XB;42 Kingsway
43953345;Gerardo Bernat Barros;(899) 319-0739;eurohack@yahoo.ca;17/2/1991;FALSE;FALSE;London;SE59 1ZQ
35516674;Hugo Torrecilla Canals;(799) 736-0563;ahmad@yahoo.com;15/9/1973;FALSE;FALSE;44 Grove Road;London
48125010;Mamen Ortega Ferrer;(897) 495-1662;lstein@hotmail.com;13/3/1977;FALSE;FALSE;W52 6WK;72 The Grove
45579713;Ciríaco del Ruano;(744) 403-9916;bmidd@aol.com;16/1/1994;FALSE;FALSE;London;NW50 1WE
44495179;Reynaldo Gargallo Salcedo;(936) 598-2906;stecoop@msn.com;19/12/1971;FALSE;FALSE;79 The Avenue;London
47891508;Blanca Quero Alcántara;(469) 532-4548;ateniese@icloud.com;11/2/1989;FALSE;FALSE;WC28 1FM;593 New Road
45166337;Concepción Catalán;(947) 361-6058;carcus@mac.com;3/11/1979;FALSE;FALSE;London;SW43 0ZK
38708158;Carolina Bilbao Iñiguez;(949) 882-5871;klaudon@gmail.com;19/8/1976;FALSE;FALSE;85 Victoria Street;London
35048868;Luisina Gonzalez Ferrán;(305) 415-3051;lishoy@gmail.com;18/12/1984;FALSE;FALSE;SW74 5VB;302 Kingsway
39506684;Filomena Larrañaga Andrade;(828) 518-2220;rfisher@hotmail.com;1/9/1992;FALSE;FALSE;London;E48 1ZX
47615282;Marta Roldán-Galván;(723) 679-1851;mxiao@yahoo.com;1/3/1973;FALSE;FALSE;220 Manchester Road;London
41632479;Alma Valderrama Cortés;(274) 482-2742;reziac@att.net;31/5/1975;FALSE;FALSE;SW25 9DQ;650 Queensway
38185262;Alcides Viana Benavente;(596) 753-6330;mailarc@att.net;15/9/1978;FALSE;FALSE;London;SE15 3HN
35231896;Santiago Garmendia Doménech;(493) 751-7562;brainless@msn.com;7/2/1981;FALSE;FALSE;9518 Mill Road;London
47952370;Nerea Torrent-Valverde;(804) 565-3963;akoblin@comcast.net;9/1/1989;FALSE;FALSE;NW19 5DQ;9833 Main Road
32966557;Ángeles del Higueras;(857) 359-0241;geoffr@optonline.net;14/11/1977;FALSE;FALSE;London;NW83 9CK
33494934;Octavio de Andrés;(680) 877-0373;shawnce@gmail.com;15/9/1970;FALSE;FALSE;9 Grange Road;London
42087658;Eligio Herrero-Canet;(644) 440-6033;trygstad@mac.com;1/2/1999;FALSE;FALSE;WC26 5BI;19 The Avenue
41911931;Elías Carbonell Pareja;(788) 977-2844;plover@me.com;21/7/1996;FALSE;FALSE;London;W45 7MN
43908340;Elvira Olmedo Girona;(244) 263-7499;choset@optonline.net;8/10/1998;FALSE;FALSE;575 Park Avenue;London
36558143;Sosimo Landa Aragonés;(837) 287-6032;caidaperl@aol.com;21/2/1971;FALSE;FALSE;SW21 9ZX;5 Mill Road
42622705;Clotilde del Osorio;(212) 363-5006;murdocj@gmail.com;25/4/1976;FALSE;FALSE;London;N91 6SR
47828095;Alcides Tello Fernandez;(315) 840-0702;grossman@verizon.net;10/3/1979;FALSE;FALSE;9505 The Grove;London
35937523;Sigfrido Simó Benavent;(467) 358-4503;bartlett@mac.com;11/11/1997;FALSE;FALSE;SE31 9GQ;51 George Street
34084666;Nerea Leon Puga;(360) 620-0866;claesjac@aol.com;23/10/1982;FALSE;FALSE;London;W96 5MH
48143404;David Ballesteros-Francisco;(229) 275-5223;jadavis@icloud.com;22/7/1993;FALSE;FALSE;437 Queensway;London
42801503;Eva Araceli Marcos Cerdán;(344) 778-8434;vmalik@msn.com;11/8/1986;FALSE;FALSE;NW87 0HE;364 The Green
48603423;Tecla Conesa;(258) 518-2594;slaff@me.com;26/4/1981;FALSE;FALSE;London;EC47 2KO
43215576;Mayte Isern Gárate;(859) 270-2403;kjohnson@gmail.com;20/5/1979;FALSE;FALSE;4 Mill Road;London
40161312;Ignacio Bauzà-Torrens;(611) 486-5321;weazelman@icloud.com;7/9/1999;FALSE;FALSE;SW50 4KB;5 High Street
37286281;Amor Estrada-Querol;(768) 652-3949;ivoibs@icloud.com;20/9/1981;FALSE;FALSE;London;N10 8HK
43556213;Gabino Aranda Godoy;(998) 487-9102;atmarks@aol.com;13/7/1994;FALSE;FALSE;11 The Avenue;London
48003651;Gerónimo Asenjo;(253) 321-2154;hermanab@live.com;6/5/1987;FALSE;FALSE;NW16 9IB;3 Manor Road
46465886;Enrique Andreu Cueto;(532) 409-6324;matty@yahoo.ca;5/4/1990;FALSE;FALSE;London;W64 5TV
44669131;Clara Cantón Farré;(661) 728-1691;enintend@verizon.net;23/8/1987;FALSE;FALSE;76 Queensway;London
36565819;Baudelio Asensio;(570) 540-0876;dsugal@me.com;24/3/1978;FALSE;FALSE;WC10 3BR;21 Alexander Road
44705978;Pepita del Grau;(433) 516-7191;openldap@outlook.com;16/8/1998;FALSE;FALSE;London;N20 5KT
48648135;Alba Batalla Valls;(535) 857-6686;lishoy@comcast.net;24/4/1997;FALSE;FALSE;24 Kings Road;London
42374982;Bernardino Patiño Aguado;(849) 782-9869;temmink@optonline.net;4/2/1996;FALSE;FALSE;WC58 1WY;666 St. John’s Road
48693755;Esteban Vaquero Dominguez;(561) 625-6255;wildixon@optonline.net;3/8/1980;FALSE;FALSE;London;NW49 1FQ
33062116;Anacleto Tomás Torrecilla;(654) 705-7739;peoplesr@outlook.com;19/4/1999;FALSE;FALSE;94 New Road;London
41179519;Severino Nicolau Vizcaíno;(712) 820-6745;psichel@aol.com;4/3/1973;FALSE;FALSE;NW54 0QY;87 St. John’s Road
49426820;Corona Feijoo Pi;(259) 838-4855;wilsonpm@aol.com;6/4/1979;FALSE;FALSE;London;EC54 6EY
40975426;Rafaela Hurtado Reguera;(824) 717-6847;mlewan@live.com;2/11/1996;FALSE;FALSE;73 Chester Road;London
49585782;Zaira Calderón Ariño;(366) 665-1941;okroeger@yahoo.com;1/4/1998;FALSE;FALSE;SE36 8WH;952 London Road
44644892;Aníbal Acero;(305) 495-3592;jgmyers@att.net;22/2/1987;FALSE;FALSE;London;W12 6MQ
43056621;Leocadio Palomo Palomares;(602) 659-7572;torgox@verizon.net;23/5/1993;FALSE;FALSE;386 Richmond Road;London
39105112;Juan Carlos Delgado Durán;(689) 239-4563;eurohack@verizon.net;25/4/1974;FALSE;FALSE;EC70 8TD;515 New Road
46555579;Elvira Bravo-Cano;(207) 205-4139;grinder@mac.com;24/2/2000;FALSE;FALSE;London;WC71 0UF
49395419;Demetrio de Larrañaga;(516) 973-1052;mallanmba@comcast.net;1/10/1995;FALSE;FALSE;16 George Street;London
49482433;Hernando Garay;(556) 265-3355;martyloo@sbcglobal.net;5/10/1995;FALSE;FALSE;NW01 6ER;25 Victoria Street
44946770;Isabela Roma Jurado;(630) 838-5414;smcnabb@yahoo.com;16/1/1992;FALSE;FALSE;London;W60 2PX
41016419;Roberto Tomás-Bermúdez;(762) 570-3297;msherr@yahoo.ca;19/6/1970;FALSE;FALSE;93 St. John’s Road;London
32650025;Yolanda Oliva Polo;(283) 766-9356;grothoff@icloud.com;17/2/1990;FALSE;FALSE;N10 2EQ;9 Broadway
37024174;Rosendo Pinilla Bustamante;(750) 486-9536;budinger@icloud.com;29/9/1974;FALSE;FALSE;London;W10 2TN
36336291;Vanesa Celia Ibáñez Ferrer;(619) 353-7970;arathi@comcast.net;26/6/1991;FALSE;FALSE;5 Church Road;London
36399607;Albina de Fiol;(961) 219-0829;dpitts@sbcglobal.net;3/8/1972;TRUE;FALSE;SE07 3LY;24 Richmond Road
42422476;Georgina Arroyo Araujo;(209) 879-1264;osaru@me.com;12/5/1998;FALSE;FALSE;London;W75 0OS
41782288;Celestina Rodrigo Hidalgo;(332) 532-0822;jramio@gmail.com;28/3/1984;FALSE;FALSE;213 The Drive;London
40151083;Felicidad de Bernal;(487) 640-6779;kudra@comcast.net;9/6/1998;FALSE;FALSE;NW58 3QB;561 Albert Road
35865349;Valeria Almansa-Bárcena;(536) 366-2187;yruan@icloud.com;29/9/1993;FALSE;FALSE;London;SW24 1UB
37064240;Javier Cortina Grau;(363) 544-2841;petersen@msn.com;17/5/1976;FALSE;FALSE;28 Victoria Street;London
48317485;Manolo Isidro Ros Salgado;(461) 271-1631;jbearp@sbcglobal.net;27/5/1989;FALSE;FALSE;SW80 9JL;26 The Drive
39592695;Concepción Bustamante;(857) 335-5320;kjohnson@mac.com;28/7/1988;FALSE;FALSE;London;E73 0ZM
44395942;Viviana Tur Asensio;(634) 371-1153;jaesenj@comcast.net;4/1/2000;FALSE;FALSE;27 Church Road;London
40583759;Emilia Valentín Coello;(439) 244-2458;offthelip@yahoo.ca;20/10/1977;FALSE;FALSE;WC52 1ML;1 Kings Road
38180114;Bárbara Arcos Cases;(320) 535-5081;jeffcovey@me.com;7/7/1997;FALSE;FALSE;London;E54 2MI
42204737;Martín Giménez Herrera;(993) 964-1956;pgolle@aol.com;7/9/1984;FALSE;FALSE;40 Woodland Dr.;New York, NY 10011
40125175;Gastón Real Barriga;(748) 245-9826;mdielmann@verizon.net;13/2/1986;FALSE;FALSE;9453 South Pineknoll Drive;Freeport, NY 11520
47036422;Estefanía Peñas;(381) 532-2238;gerlo@optonline.net;26/9/1982;FALSE;FALSE;847 S. Manor St.;New York, NY 10031
43604890;Loreto Estrella Viñas Juan;(907) 754-8902;sarahs@verizon.net;14/4/1981;FALSE;FALSE;7071 Third St.;Bronx, NY 10472
49134752;Emperatriz Quirós Aguirre;(531) 907-4416;galbra@comcast.net;19/2/1981;FALSE;FALSE;8215 Atlantic St.;Brooklyn, NY 11218
37460417;Leocadio Escalona;(572) 498-8666;kaiser@comcast.net;6/1/1994;FALSE;FALSE;735 N. Yukon Street;Brooklyn, NY 11215
37283617;Carina Barroso Lopez;(716) 425-2898;kildjean@hotmail.com;7/1/1974;TRUE;FALSE;3 Holly Ave.;Ridgewood, NY 11385
40006331;Damián Tomas Solís;(762) 419-8629;cliffordj@yahoo.ca;1/5/1981;FALSE;FALSE;770 Carson St.;Bronx, NY 10463
33241703;Isaac Vallejo-Coll;(280) 675-9489;breegster@outlook.com;11/6/1986;FALSE;FALSE;47 Honey Creek Lane;New York, NY 10023
43509383;Fernanda Lozano Bastida;(634) 550-6646;calin@comcast.net;11/10/1986;FALSE;FALSE;89 West Lakeview Dr.;Bronx, NY 10456
44036731;Angélica Diego Cuéllar;(527) 606-6801;sfoskett@att.net;1/2/1984;FALSE;FALSE;541 S. State Dr.;Ithaca, NY 14850
43113041;José Luis Lorenzo Losada;(465) 963-8317;singer@att.net;30/1/1988;FALSE;FALSE;8759 Tanglewood Dr.;Spring Valley, NY 10977
39937279;María Sáenz Azorin;(659) 984-6638;vsprintf@att.net;22/12/1979;FALSE;FALSE;9283 High Ridge Drive;Brooklyn, NY 11208
44156067;Hernando Olmedo Seguí;(962) 381-3510;mhassel@msn.com;4/1/1973;FALSE;FALSE;582 Honey Creek Road;Bronx, NY 10461
33445765;Mamen Chacón Crespo;(576) 978-9774;weidai@sbcglobal.net;18/8/1987;FALSE;FALSE;847 West Jockey Hollow Court;Bronx, NY 10452
39259849;Morena Ros Estrada;(721) 881-8367;quantaman@msn.com;14/9/1988;FALSE;FALSE;720 Paris Hill St.;Huntington Station, NY 11746
46928639;Berta Mena Rivas;(812) 855-9668;timtroyr@gmail.com;30/3/1998;FALSE;FALSE;61 Bridle St.;Brooklyn, NY 11212
33161906;Carmen Alemany Bertrán;(819) 268-2557;papathan@att.net;13/1/1995;FALSE;FALSE;9555 Purple Finch Dr.;Jamestown, NY 14701
36542820;Emilia Oliveras Granados;(398) 878-0122;jyoliver@att.net;1/7/1987;FALSE;FALSE;8473 South Lilac Court;Newburgh, NY 12550
32514774;Jaime Santiago Vazquez;(301) 631-9640;steve@sbcglobal.net;15/4/1999;FALSE;FALSE;855 Colonial St.;Brooklyn, NY 11236
33525239;Clemente de Coloma;(891) 535-5328;falcao@live.com;18/8/1996;FALSE;FALSE;48 Sunbeam St.;West Babylon, NY 11704
49092562;Hilda del Tapia;(576) 200-5761;wildfire@mac.com;27/5/1999;FALSE;FALSE;440 Cactus St.;Brooklyn, NY 11204
49000432;Espiridión Abril Marti;(654) 407-4012;pfitza@comcast.net;22/1/1984;FALSE;FALSE;36 NW. Pierce St.;Staten Island, NY 10312
32536946;Porfirio Cal Bru;(599) 743-9003;staffelb@mac.com;23/12/1983;FALSE;FALSE;832 Lake Forest Rd.;Astoria, NY 11106
40093973;María Ángeles de Valbuena;(240) 906-5404;chaffar@live.com;22/4/1979;FALSE;FALSE;810 10th St.;Patchogue, NY 11772
37754402;Darío Dávila;(455) 626-4301;bmidd@gmail.com;8/6/1990;FALSE;FALSE;268 E. Penn Circle;Lindenhurst, NY 11757
48646140;Victor Manuel Sedano-Domingo;(493) 311-8669;north@live.com;31/3/1981;FALSE;FALSE;606 Galvin Street;Astoria, NY 11105
45317070;Marcela Saura;(758) 602-4935;scottzed@gmail.com;17/12/1994;FALSE;FALSE;940 Riverside Court;Rego Park, NY 11374
39838830;Rosalva Carreras Calatayud;(390) 779-8899;jramio@icloud.com;24/2/1984;FALSE;FALSE;9485 S. Pheasant Dr.;Levittown, NY 11756
34151436;Ágata Bermúdez-Espejo;(487) 438-4975;wagnerch@yahoo.com;6/7/1980;FALSE;FALSE;54 Indian Summer Street;East Elmhurst, NY 11370
38090552;Leire Bellido Carmona;(659) 904-0068;nighthawk@aol.com;16/12/1992;FALSE;FALSE;719 Center Ave.;Bronx, NY 10467
45622228;Consuela Emilia Cuenca Cerdán;(721) 772-9718;pthomsen@yahoo.com;18/4/1973;FALSE;FALSE;91 SE. Pierce Ave.;Brooklyn, NY 11206
35046464;Juan Luis Ángel Alemany;(471) 210-6992;nelson@yahoo.com;9/8/1986;FALSE;FALSE;73 Alderwood St.;Fresh Meadows, NY 11365
40169108;Nazaret Garrido Lladó;(435) 955-2960;augusto@gmail.com;15/5/1972;FALSE;FALSE;9163 South Oxford Ave.;Jackson Heights, NY 11372
38287123;Elena Pons;(323) 803-5626;jrifkin@outlook.com;29/5/1978;FALSE;FALSE;8478 West St.;Brooklyn, NY 11224
49938626;Pilar Castells Fernández;(507) 934-7625;pgolle@outlook.com;28/9/1978;FALSE;FALSE;8142 Lees Creek Rd.;Corona, NY 11368
46885229;José María Jacobo Ojeda Montesinos;(532) 766-7644;sekiya@live.com;22/7/1994;FALSE;FALSE;70 Green Hill Drive;Bronx, NY 10473
44083854;Manolo de Pavón;(772) 757-3738;airship@verizon.net;6/1/1987;FALSE;FALSE;9983 Woodside Street;Endicott, NY 13760
38946436;Cándido Beltrán Pino;(887) 277-6652;credmond@hotmail.com;3/5/1994;FALSE;FALSE;23 Tarkiln Hill Avenue;Brooklyn, NY 11229
32086097;Apolonia del Real;(725) 408-3080;parrt@outlook.com;20/7/1979;FALSE;FALSE;7241 Cemetery Ave.;Bronx, NY 10458
35539812;Zoraida Rovira Arce;(845) 673-0453;mwandel@att.net;25/3/1987;FALSE;FALSE;85 Lookout Ave.;Brooklyn, NY 11223
35203084;Elpidio Pont Expósito;(962) 741-6475;lamprecht@live.com;23/12/1999;FALSE;FALSE;37 Fairview Ave.;Massapequa, NY 11758
43542742;Joan Lobo-Haro;(396) 942-3896;fudrucker@live.com;4/12/1983;FALSE;FALSE;91 Annadale Road;New York, NY 10025
44956883;Nayara Gimeno Velasco;(672) 429-8285;ntegrity@aol.com;12/3/1981;FALSE;FALSE;81 Bohemia Lane;Brooklyn, NY 11209
49187170;África del Conde;(524) 528-5199;shaffei@outlook.com;17/12/1988;FALSE;FALSE;749 N. Beechwood Ave.;Brooklyn, NY 11220
34138589;Ángela Pinedo Vendrell;(422) 560-9699;tellis@yahoo.com;11/9/1988;FALSE;FALSE;759 E. Foxrun Ave.;Bay Shore, NY 11706
42308175;Joan Fabregat Ochoa;(879) 980-7282;mcraigw@yahoo.ca;1/8/1990;FALSE;FALSE;242 East 8th Lane;Lockport, NY 14094
33201963;Cruz Tamayo-Carpio;(372) 654-9387;clkao@outlook.com;14/9/1985;FALSE;FALSE;8133 SE. Augusta Ave.;Staten Island, NY 10306
44366136;Pascual Pedro Ruiz;(933) 613-2582;kwilliams@icloud.com;21/8/1972;FALSE;FALSE;8497 3rd St.;New York, NY 10028
45145065;Melisa Guitart;(365) 278-8056;munson@icloud.com;26/5/1984;FALSE;FALSE;9045 Poor House Lane;Bronx, NY 10451
33849882;Anacleto Caballero Ferrera;(588) 897-0633;nwiger@aol.com;28/9/1980;FALSE;FALSE;71 Cambridge Lane;New York, NY 10024
44991309;Vicente Calleja;(303) 754-3969;epeeist@gmail.com;11/11/1995;TRUE;FALSE;8117 Birch Hill Rd.;Bronx, NY 10465
34391165;Marco Ropero;(311) 963-9615;krueger@comcast.net;10/12/1986;TRUE;FALSE;9140 Carpenter St.;Brooklyn, NY 11207
43982645;Cristian Baquero-Cánovas;(777) 720-1143;dsugal@live.com;19/5/1998;FALSE;FALSE;538 Cross Street;Bronx, NY 10462
39955328;Josep Reina Prieto;(741) 758-2688;tellis@me.com;13/1/1981;FALSE;FALSE;919 Princeton St.;Fairport, NY 14450
39899425;Florinda Anguita-Sancho;(802) 484-9409;inico@aol.com;16/3/1990;FALSE;FALSE;17 Ashley Street;New York, NY 10029
35237555;Calixta Villaverde Acosta;(641) 921-8831;bebing@optonline.net;2/9/1991;FALSE;FALSE;682 Glenwood Street;Bronx, NY 10466
41371153;Marisela Milla-Martorell;(954) 421-2884;jdray@aol.com;20/1/1993;FALSE;FALSE;94 Beach St.;Brooklyn, NY 11228
47704261;Rosendo Almeida Naranjo;(954) 956-0103;irving@sbcglobal.net;24/9/1979;FALSE;FALSE;26 East Main Dr.;Buffalo, NY 14224
49809505;Ana Sofía Colomer Martín;(295) 983-4853;andersbr@hotmail.com;1/12/1990;FALSE;FALSE;373 Bear Hill St.;Brooklyn, NY 11213
43004342;Rolando Caballero Niño;(253) 483-2574;parrt@yahoo.ca;1/5/1996;FALSE;FALSE;497 Maiden Street;Poughkeepsie, NY 12601
33898894;Paola Casanovas-Riba;(244) 616-3629;cliffski@live.com;22/9/1980;FALSE;FALSE;741 Ann Ave.;Brooklyn, NY 11225
47427054;Lupita del Sanjuan;(586) 717-5632;mlewan@att.net;20/11/1976;FALSE;FALSE;23 Kent St.;Hamburg, NY 14075
34290751;Modesto Franco Hervia;(890) 780-5763;dwsauder@yahoo.com;2/11/1977;FALSE;FALSE;4 Fairground Avenue;South Richmond Hill, NY 11419
46596706;Modesto Morante;(958) 671-5221;djupedal@yahoo.com;11/2/1972;FALSE;FALSE;20 Deerfield Lane;Bronx, NY 10469
43583656;Clemente Ferrero Garmendia;(203) 272-8879;dpitts@mac.com;26/9/1980;FALSE;FALSE;9618 Lower River St.;New York, NY 10033
41356525;Guiomar Ferrera;(412) 374-4809;kevinm@live.com;17/4/1994;FALSE;FALSE;50 New Rd.;Westbury, NY 11590
42287890;Araceli Borrell-Armas;(700) 831-5400;okroeger@gmail.com;27/10/1992;FALSE;FALSE;534 Clinton Street;Brooklyn, NY 11211
47729876;Jorge Gutierrez Caparrós;(536) 847-4736;smpeters@optonline.net;19/12/1985;FALSE;FALSE;56 Marsh Drive;Brooklyn, NY 11214
41018090;Beatriz Mamen Casanovas Ruiz;(853) 399-2912;balchen@aol.com;11/12/1988;FALSE;FALSE;901 Belmont Street;Middletown, NY 10940
33722690;Vicenta Rivero Otero;(719) 895-4064;marin@att.net;11/7/1981;FALSE;FALSE;34 West Pleasant St.;New York, NY 10027
37005476;Vicenta Solé-Palma;(579) 455-3524;bdthomas@yahoo.ca;23/6/1978;FALSE;FALSE;61 Fulton Street;Forest Hills, NY 11375
32836446;Alejandra Beltrán Fuente;(952) 284-4700;sartak@outlook.com;13/2/1983;FALSE;FALSE;38 Nut Swamp St.;Jamaica, NY 11434
46045520;Ruperta Casanova Bermúdez;(819) 878-4303;jmmuller@yahoo.com;30/8/1978;FALSE;FALSE;505 Evergreen Dr.;Brooklyn, NY 11237
44326440;Nicolás Ayala Campoy;(467) 290-0508;bowmanbs@me.com;19/7/1998;FALSE;FALSE;353 Sherman St.;Flushing, NY 11354
47420924;Leopoldo del Sáez;(590) 409-5907;parsimony@live.com;28/10/1995;FALSE;FALSE;764 New St.;Buffalo, NY 14221
48021863;Haroldo del Hoyos;(266) 570-8715;weazelman@optonline.net;29/6/1990;FALSE;FALSE;2 Delaware Lane;Huntington, NY 11743
48323997;Juanita Pastora Escolano Marí;(471) 733-8756;dexter@aol.com;11/4/1980;FALSE;FALSE;940 S. Thomas Ave.;Jamaica, NY 11435
45724465;Jenny Manuel Llorens;(616) 501-9475;avalon@att.net;29/11/1975;FALSE;FALSE;8459 Wagon Road;Tonawanda, NY 14150
43709748;Belén Cantero Uría;(814) 815-8592;mgemmons@optonline.net;19/9/1977;FALSE;FALSE;815 Victoria Ave.;New York, NY 10009
33532676;Candela Grande Arenas;(628) 340-8842;djpig@aol.com;7/5/1991;FALSE;FALSE;7019 Maple St.;Brooklyn, NY 11233
36053127;Socorro Sans Pomares;(994) 397-7201;bartak@comcast.net;25/11/1976;FALSE;FALSE;7328 Marsh St.;Brooklyn, NY 11221
37967947;Nazaret Antúnez Rios;(644) 968-4427;jmcnamara@yahoo.com;9/8/1986;FALSE;FALSE;7379 Nut Swamp Dr.;Poughkeepsie, NY 12603
43808311;Yago Teruel Palomino;(549) 850-2390;aibrahim@comcast.net;20/11/1976;FALSE;FALSE;67 Bald Hill St.;Far Rockaway, NY 11691
47317962;Lola Crespi Lobato;(506) 841-6393;duncand@yahoo.com;19/2/1977;FALSE;FALSE;4 Proctor Ave.;Hempstead, NY 11550
37764782;Matías Agudo Ruiz;(340) 492-0275;bdbrown@att.net;30/1/1992;FALSE;FALSE;9 Lake St.;Brooklyn, NY 11210
45321126;Luisa Redondo Salom;(383) 357-1843;dburrows@comcast.net;1/7/1973;FALSE;FALSE;501 Foster Ave.;Jamaica, NY 11432
36609266;Isa Trillo Rozas;(405) 559-9778;monkeydo@att.net;9/4/1972;FALSE;FALSE;7652 Lakeshore Court;Brooklyn, NY 11219
36986206;Asdrubal Estevez Solís;(268) 398-7609;amichalo@verizon.net;27/1/1992;FALSE;FALSE;490 Beacon St.;Brooklyn, NY 11238
36623320;Ruth Blázquez Cerro;(310) 577-6728;gravyface@aol.com;5/12/1999;FALSE;FALSE;9050 West Catherine Dr.;Bronx, NY 10460
40482513;Hernando del Nieto;(811) 765-3302;webdragon@msn.com;16/9/1975;FALSE;FALSE;8438 Joy Ridge Drive;Bronx, NY 10457
41792408;Silvio Vilanova Amador;(403) 928-7118;matthijs@me.com;15/10/1986;FALSE;FALSE;9656 Beaver Ridge St.;New York, NY 10032
37344605;Damián Andrade;(607) 905-6893;kidehen@msn.com;30/10/1980;FALSE;FALSE;106 Market Ave.;New York, NY 10040
34550897;Patricio Velasco;(384) 958-4888;rjones@yahoo.com;28/9/1983;FALSE;FALSE;8615 W. Pine Lane;Staten Island, NY 10314
37633081;Antonio Mendizábal Sevillano;(324) 284-9902;zavadsky@yahoo.ca;1/5/1983;FALSE;FALSE;9323 E. Old York St.;North Tonawanda, NY 14120
42636360;Aitana Escudero Hidalgo;(836) 752-4390;jaesenj@icloud.com;8/7/1982;FALSE;FALSE;8819 Oak Ave.;New York, NY 10016
47510953;Magdalena Castell Rey;(574) 870-1271;smcnabb@mac.com;27/1/1975;FALSE;FALSE;9910 Essex St.;Brooklyn, NY 11234
48814138;Baltasar del Giner;(422) 535-5367;sagal@outlook.com;28/8/1978;FALSE;FALSE;142 Windfall St.;Rochester, NY 14609
49555470;Martirio Samper Tena;(415) 828-3663;dwendlan@gmail.com;7/7/1998;FALSE;FALSE;9809 Gates Street;Bronx, NY 10468
39919135;Arsenio Haro Ledesma;(415) 947-3697;nweaver@att.net;12/7/1995;FALSE;FALSE;510 West Homewood Ave.;Brooklyn, NY 11203
48738392;Herminia Nevado Pagès;(655) 247-5450;odlyzko@icloud.com;10/1/1986;FALSE;FALSE;9 Nut Swamp Road;Brentwood, NY 11717
36692657;Apolonia Luís-Bernat;(726) 230-1885;jipsen@mac.com;10/4/1983;FALSE;FALSE;52 Glenridge Street;New York, NY 10128
37586144;Lina Porcel Bustamante;(301) 446-4931;bogjobber@outlook.com;20/6/1994;FALSE;FALSE;8788 Birchpond Circle;Brooklyn, NY 11230
32616240;José Luis Ferrándiz Cornejo;(205) 948-8280;benanov@att.net;12/7/1985;FALSE;FALSE;559 Young St.;Auburn, NY 13021
44327797;Belen Chaparro;(216) 341-9188;rnewman@verizon.net;29/8/1970;FALSE;FALSE;114 Carriage Lane;Brooklyn, NY 11216
47758644;Poncio Cerdán;(922) 668-4401;oracle@hotmail.com;23/11/1991;FALSE;FALSE;328 E. Windfall Ave.;Flushing, NY 11355
45871167;Andrés Doménech Almazán;(929) 916-9742;ianbuck@yahoo.com;1/9/1976;FALSE;FALSE;9123 Shub Farm Road;New York, NY 10002
42998639;Cecilio Apolinar Salas Alemán;(294) 465-2217;hampton@hotmail.com;30/12/1998;FALSE;FALSE;120 Whitemarsh St.;Yonkers, NY 10701
37067405;Otilia Ropero Macias;(358) 731-3798;boomzilla@sbcglobal.net;16/11/1978;FALSE;FALSE;9690 Princess Ave.;Elmont, NY 11003
37419066;Severo de Goñi;(352) 604-1886;bulletin@att.net;17/1/1984;FALSE;FALSE;8948 St Louis Ave.;Rome, NY 13440
40694213;Chuy Julián Cabrero;(316) 723-5488;animats@msn.com;24/7/1997;FALSE;FALSE;748 East Brown St.;New York, NY 10034
37671742;Adelia Campo-Bueno;(900) 365-3438;dieman@mac.com;6/7/1972;FALSE;FALSE;679 Oak Meadow Ave.;South Ozone Park, NY 11420
40226729;Anacleto Paniagua-Antúnez;(232) 995-8639;augusto@yahoo.com;21/4/1981;FALSE;FALSE;490 W. Vernon Street;New York, NY 10003
49898821;Régulo Larrea Pereira;(713) 359-4317;dunstan@outlook.com;30/12/1997;FALSE;FALSE;279 Magnolia Avenue;Woodside, NY 11377
35453263;Pacífica Guardiola Rosa;(206) 847-8774;mhoffman@sbcglobal.net;5/9/1991;FALSE;FALSE;9589 Thorne Ave.;Brooklyn, NY 11235
41553857;Victorino Aramburu;(411) 376-4315;weazelman@gmail.com;9/2/1973;FALSE;FALSE;899 Shipley Ave.;Brooklyn, NY 11201
47202651;Bibiana Mata Alcolea;(938) 721-2256;mirod@icloud.com;7/6/1997;FALSE;FALSE;46 Victoria Court;Bronx, NY 10453
36211579;Florentina Grande Quintero;(419) 442-9188;yangyan@msn.com;9/1/1973;FALSE;FALSE;8664 Oak Valley Drive;Webster, NY 14580
32424197;Cayetano Coello Fernandez;(763) 952-1502;benits@optonline.net;18/10/1986;FALSE;FALSE;922 West Leeton Ridge St.;Buffalo, NY 14215
49333527;Florinda Gascón Gonzalo;(723) 961-1436;oevans@aol.com;11/9/1981;FALSE;FALSE;7880 Leeton Ridge Avenue;Astoria, NY 11103
48113597;Valeria Ríos;(233) 477-9648;sfoskett@yahoo.com;17/8/1990;FALSE;FALSE;92 Marvon St.;Troy, NY 12180
47720665;Blanca Moya Fabregat;(347) 835-6563;catalog@hotmail.com;30/12/1987;FALSE;FALSE;905 Wrangler Lane;Astoria, NY 11105
43280889;Soraya Cáceres Marin;(732) 949-7420;preneel@verizon.net;15/9/1981;FALSE;FALSE;9096 Clark Lane;Brooklyn, NY 11224
34012676;Rufina Rosselló Sales;(334) 788-2547;drezet@msn.com;11/6/1993;FALSE;FALSE;9783 Poplar Street;Buffalo, NY 14224
42222579;Abril Almazán Gargallo;(355) 952-4381;symbolic@mac.com;20/4/1975;FALSE;FALSE;744 Coffee Ave.;Jamaica, NY 11435
35521435;Sandalio Pinto Alcázar;(875) 650-4506;melnik@mac.com;14/3/1984;FALSE;FALSE;10 Rockwell Road;Ithaca, NY 14850
38682051;Urbano Rosselló Llabrés;(650) 311-4823;vertigo@optonline.net;3/3/1970;FALSE;FALSE;395 W. Coffee St.;Brooklyn, NY 11236
41183121;Aurelio Ferreras Granados;(944) 439-2624;odlyzko@outlook.com;2/1/1995;FALSE;FALSE;499 Second Dr.;Bronx, NY 10456
47364594;Aroa Pujol Belmonte;(283) 827-0141;nachbaur@yahoo.com;5/1/1982;FALSE;FALSE;56 Nut Swamp Circle;Brooklyn, NY 11221
34806545;Calista de Abril;(975) 594-0844;cumarana@att.net;28/9/1993;FALSE;FALSE;943 Holly Ave.;Bronx, NY 10451
37200276;Teófilo Contreras Téllez;(990) 738-6040;donev@outlook.com;29/1/1992;FALSE;FALSE;9752 Blackburn Dr.;Brooklyn, NY 11214
41425457;Milagros Cabañas;(770) 545-8863;hutton@me.com;7/8/1972;FALSE;FALSE;8821 Rockville Lane;Newburgh, NY 12550
33823067;Gonzalo Sans Miró;(334) 305-7194;corrada@mac.com;8/5/1980;FALSE;FALSE;6 Newport Court;Brooklyn, NY 11235
41537008;Sofía Bou Zamorano;(602) 467-4837;chinthaka@aol.com;3/6/1998;FALSE;FALSE;309 South Hill Field St.;Massapequa, NY 11758
37121882;Leandro Gabino Cruz Izaguirre;(939) 500-3265;cgreuter@yahoo.com;16/7/1980;FALSE;FALSE;7363 St Louis Street;Jamestown, NY 14701
33079488;Angelina Royo Canals;(987) 536-2384;ateniese@hotmail.com;11/9/1999;FALSE;FALSE;8877 Selby Rd.;Fairport, NY 14450
32426806;Pío Fonseca-Granados;(730) 738-3338;mcmillan@optonline.net;15/3/1983;FALSE;FALSE;35 Airport Street;Bronx, NY 10465
46643275;Luis Miguel Cuadrado Gual;(330) 201-7051;gilmoure@yahoo.ca;15/4/1984;FALSE;FALSE;858 Primrose Lane;Brooklyn, NY 11234
45609529;Blanca Lucas Cortés;(932) 338-3282;mbrown@live.com;12/2/1978;FALSE;FALSE;824 Woodside Avenue;West Babylon, NY 11704
36966641;José Luis Arévalo;(878) 237-0878;qmacro@verizon.net;25/9/1992;FALSE;FALSE;917 NW. Leatherwood Court;Bronx, NY 10461
44153315;Leonel Sierra Fajardo;(403) 429-9891;staikos@gmail.com;12/12/1970;FALSE;FALSE;21 Creek Drive;Bronx, NY 10467
44771782;Calixto Palacio Casas;(705) 444-0556;knorr@comcast.net;29/4/1978;FALSE;FALSE;39 Goldfield Rd.;South Ozone Park, NY 11420
45342789;Eugenio Pla Alegre;(879) 591-2306;gavinls@verizon.net;11/2/1974;FALSE;FALSE;972 Stillwater St.;Brooklyn, NY 11220
39527474;Daniela Arana;(467) 399-9709;scarolan@aol.com;12/8/1996;FALSE;FALSE;86 Logan Dr.;Rego Park, NY 11374
41852886;Amancio Casares Francisco;(744) 598-1150;hutton@comcast.net;11/4/1976;FALSE;FALSE;88 Maple Circle;Tonawanda, NY 14150
46700095;Leopoldo Lamas Vilaplana;(857) 769-7335;pizza@gmail.com;25/11/1989;TRUE;FALSE;31 Studebaker St.;East Elmhurst, NY 11370
35609821;Pascual del Haro;(894) 916-8764;mobileip@yahoo.ca;28/5/1996;FALSE;FALSE;34 E. Lafayette Court;Jamaica, NY 11434
37775876;Dionisia Llamas;(546) 437-8882;horrocks@yahoo.com;16/1/1998;FALSE;FALSE;2 Ridgeview Dr.;Middletown, NY 10940
37113124;Amada Falcó Llabrés;(928) 743-6374;sarahs@aol.com;25/2/1987;FALSE;FALSE;75 Jefferson Lane;Poughkeepsie, NY 12603
35990379;Óscar Enríquez Acedo;(751) 725-0334;fluffy@aol.com;31/8/1988;FALSE;FALSE;5 Circle Dr.;Huntington Station, NY 11746
43662558;Cecilio Bastida Seguí;(453) 596-2200;jeffcovey@optonline.net;21/11/1971;FALSE;FALSE;612 Silver Spear Dr.;Brooklyn, NY 11204
32647653;Leocadia Aznar Revilla;(623) 788-7862;naoya@outlook.com;4/5/1989;FALSE;FALSE;8627 Bayberry Street;New York, NY 10028
42103931;Anabel Iniesta Hierro;(920) 438-1880;staikos@optonline.net;4/6/1987;FALSE;FALSE;4 Bank Dr.;Bronx, NY 10466
49537360;Lilia Narváez Batalla;(752) 297-5212;mrobshaw@me.com;9/5/1982;FALSE;FALSE;8579 Greenview St.;Jackson Heights, NY 11372
34350036;Adriana Egea Luís;(693) 681-7202;ajlitt@outlook.com;30/1/1998;FALSE;FALSE;8483 Sugar Ave.;Bronx, NY 10453
36418986;Pepita del Gallart;(455) 437-3253;dawnsong@icloud.com;4/1/1970;FALSE;FALSE;8995 Rockledge Street;Westbury, NY 11590
37244249;Luis Ángel Téllez Conde;(212) 757-8062;mirod@aol.com;3/3/1971;FALSE;FALSE;9834 Pennington Ave.;Bronx, NY 10460
46015010;Angelina Sanmiguel Gallo;(904) 210-8504;uraeus@aol.com;25/2/2000;FALSE;FALSE;14 Charles Ave.;Buffalo, NY 14215
33328242;Catalina Solé Porras;(203) 626-2113;treeves@comcast.net;21/8/1971;FALSE;FALSE;178 Oakland Lane;Rome, NY 13440
36659298;Manuela Benavides Gálvez;(671) 220-0042;gknauss@outlook.com;2/5/1993;FALSE;FALSE;7690 Glenridge Street;New York, NY 10032
47078314;Teresa Lastra Serra;(547) 966-8598;duncand@mac.com;22/9/1987;FALSE;FALSE;9105 E. Bayberry Avenue;Flushing, NY 11355
40208148;Marianela Jover Carballo;(623) 913-9558;marioph@mac.com;19/8/1995;FALSE;FALSE;8489 Colonial St.;Rochester, NY 14609
44085376;Ainara Zaragoza Crespi;(715) 291-1286;unreal@aol.com;8/6/1977;FALSE;FALSE;7266 Shady Drive;Hamburg, NY 14075
46884458;Claudio Porfirio Francisco Múñiz;(354) 237-3268;mdielmann@yahoo.ca;30/6/1979;FALSE;FALSE;493 Summer Avenue;Forest Hills, NY 11375
35030716;Andrés Felipe Cuevas;(269) 935-1685;kuparine@msn.com;16/10/1987;FALSE;FALSE;254 Kingston Street;Brooklyn, NY 11238
48603742;Encarnación Fiol Domingo;(646) 203-3225;pfitza@live.com;28/6/1999;FALSE;FALSE;37 Garfield Dr.;Brooklyn, NY 11213
41523455;Fátima de Cisneros;(806) 938-4587;comdig@yahoo.ca;2/10/1989;FALSE;FALSE;92 Peg Shop Rd.;New York, NY 10002
44459193;Maximino Vigil Morante;(633) 955-6590;sfoskett@verizon.net;5/6/1995;FALSE;FALSE;457 Orange Street;Elmont, NY 11003
36338648;María Luisa Antúnez Girón;(987) 947-7889;techie@gmail.com;23/11/1989;FALSE;FALSE;62 Swanson Dr.;Brooklyn, NY 11211
36160060;Beatriz Bello Godoy;(946) 604-6365;kjetilk@live.com;1/3/1974;FALSE;FALSE;269 Hartford St.;Bronx, NY 10468
35517536;Eloísa Rosalina Pont Madrigal;(696) 763-2316;kourai@me.com;7/3/1980;FALSE;FALSE;15 East Richardson Drive;Astoria, NY 11106
46394769;Ibán Rios Calvet;(461) 831-9487;kempsonc@aol.com;8/9/1976;FALSE;FALSE;859 Foxrun Ave.;Astoria, NY 11103
36198408;Rufino Mascaró-Borrell;(695) 531-1875;joglo@optonline.net;11/9/1994;FALSE;FALSE;6 Monroe Ave.;Lindenhurst, NY 11757
32405821;Félix Paredes Mulet;(936) 854-3061;pakaste@msn.com;19/10/1970;FALSE;FALSE;7465 Rosewood Road;Brooklyn, NY 11206
33206658;Lucho Aznar;(691) 840-0840;facet@gmail.com;13/1/1972;FALSE;FALSE;85 Brewery Lane;Staten Island, NY 10312
33541832;Encarnacion del Aguiló;(810) 733-6823;lstaf@me.com;7/6/1977;FALSE;FALSE;8987 Tunnel Court;Jamaica, NY 11432
34935739;Juan Bautista de Campos;(392) 721-3723;vganesh@hotmail.com;29/7/1988;FALSE;FALSE;618 North Park Drive;New York, NY 10027
41104364;Leonor Ugarte Salas;(244) 975-9008;seebs@gmail.com;13/7/1972;FALSE;FALSE;749 Honey Creek St.;Bronx, NY 10458
41320978;Hermenegildo de Tolosa;(574) 310-1480;baveja@msn.com;24/4/1999;FALSE;FALSE;401 Arcadia St.;Freeport, NY 11520
39549775;Lisandro Benavides Barba;(562) 687-6697;jdhedden@me.com;30/1/1982;FALSE;FALSE;61 Aspen Street;New York, NY 10031
37236001;Zacarías Milla Fernandez;(362) 958-3945;nimaclea@mac.com;24/3/1980;FALSE;FALSE;8842 Albany Dr.;Brooklyn, NY 11207
45308584;Leyre Ponce-Quintana;(425) 692-2477;wikinerd@msn.com;23/3/1989;FALSE;FALSE;7761 Glenridge St.;Troy, NY 12180
32028053;Palmira Moreno Manzanares;(844) 204-7819;suresh@sbcglobal.net;20/4/1973;FALSE;FALSE;7542 Logan Ave.;Brooklyn, NY 11219
38851398;Amancio Bermúdez Flor;(707) 398-6865;mhassel@outlook.com;23/10/1979;FALSE;FALSE;906 North Marshall Drive;Far Rockaway, NY 11691
35326724;Baltasar Téllez Vargas;(469) 519-2773;mcsporran@hotmail.com;8/1/1985;FALSE;FALSE;566 Old Windsor Street;Staten Island, NY 10314
36232422;María Fernanda Delia Rovira Taboada;(592) 732-7144;lcheng@outlook.com;26/7/1974;FALSE;FALSE;363 Carson Lane;Bronx, NY 10462
37019864;Héctor Galván;(602) 356-3808;weidai@att.net;29/1/1983;FALSE;FALSE;8046 Clay Street;Bronx, NY 10473
33038022;Matías Rincón-Roldan;(640) 568-0785;jpflip@hotmail.com;17/10/1995;FALSE;FALSE;36 South Lake Forest Lane;New York, NY 10128
35788460;Benigno Folch Villaverde;(400) 512-4755;samavati@me.com;17/4/1988;FALSE;FALSE;437 Jockey Hollow Dr.;Patchogue, NY 11772
35478038;Ariel Bejarano Gimenez;(415) 935-8378;smpeters@gmail.com;10/11/1990;FALSE;FALSE;135 Airport Ave.;Staten Island, NY 10306
42320643;Román Villa Marqués;(664) 297-3908;cosimo@live.com;24/12/1993;FALSE;FALSE;8857 Gonzales Street;Brooklyn, NY 11210
33813244;Dimas Ibarra Domínguez;(843) 208-4225;bdbrown@yahoo.ca;24/2/1991;FALSE;FALSE;9538 South Wall St.;Brooklyn, NY 11230
42105598;Íñigo Pavón Pol;(336) 204-3889;psharpe@me.com;8/11/1999;FALSE;FALSE;8478 Vernon Lane;Brooklyn, NY 11209
46851034;Fernanda Olivé Garmendia;(911) 488-1913;moxfulder@sbcglobal.net;18/7/1973;FALSE;FALSE;7133 E. West St.;New York, NY 10040
40533036;Norberto Chucho Raya Saldaña;(535) 815-9607;tattooman@comcast.net;19/2/1999;FALSE;FALSE;26 Sycamore Street;Lockport, NY 14094
45314422;Clementina Salcedo Valenzuela;(295) 730-6919;scottzed@live.com;22/3/1981;FALSE;FALSE;746 Marsh Ave.;Flushing, NY 11354
39593022;Brunilda Paredes Vilar;(743) 483-8112;hampton@me.com;7/1/1977;FALSE;FALSE;53 Cedarwood St.;Poughkeepsie, NY 12601
37592010;Ester Gras Talavera;(831) 249-5449;clkao@yahoo.com;13/3/1981;FALSE;FALSE;86 N. Poor House Ave.;Webster, NY 14580
43487579;Jonatan del Guzman;(960) 905-6170;amaranth@mac.com;1/1/1970;FALSE;FALSE;7017 Walt Whitman Street;Bronx, NY 10469
32979370;Susanita Polo Pons;(214) 703-7189;pemungkah@verizon.net;27/3/1999;FALSE;FALSE;7952 Durham St.;Brooklyn, NY 11237
34008357;Emiliano Galván Madrigal;(944) 933-0069;joehall@gmail.com;30/5/1981;FALSE;FALSE;7788 S. Princeton Court;Brooklyn, NY 11228
39882032;Palmira Téllez Rosales;(429) 932-6260;dexter@yahoo.ca;11/4/1972;FALSE;FALSE;7707 Beech Ave.;Brooklyn, NY 11225
40524604;Gracia José Puente Belmonte;(922) 644-8881;mbswan@optonline.net;15/6/1977;FALSE;FALSE;9307 Riverside Dr.;Hempstead, NY 11550
39122477;Ariel Alejo Blázquez Castells;(405) 986-6020;ntegrity@hotmail.com;27/10/1973;FALSE;FALSE;954 S. Nichols Rd.;New York, NY 10023
41769054;Juan Antonio Solana-Torrijos;(890) 409-6135;kawasaki@att.net;2/10/1992;FALSE;FALSE;584 Pumpkin Hill Dr.;Buffalo, NY 14221
42976231;Guiomar Jáuregui Ochoa;(252) 913-1668;library@yahoo.com;24/11/1993;FALSE;FALSE;9799 E. Pumpkin Hill Lane;Brooklyn, NY 11203
47797810;Mayte Luz Bolaños;(622) 688-5821;kramulous@yahoo.ca;27/3/1975;FALSE;FALSE;60 Thatcher Court;New York, NY 10003
36614932;Florencio López Diez;(255) 804-7439;neonatus@comcast.net;14/7/1985;FALSE;FALSE;8606 Edgewood Lane;New York, NY 10033
38138035;Pepito Sedano Pou;(815) 908-2066;jpflip@aol.com;24/4/1995;FALSE;FALSE;8408 Broad Ave.;Brooklyn, NY 11218
32727915;Aitana Gelabert Guardiola;(601) 823-1097;jnolan@att.net;10/3/1977;FALSE;FALSE;417 Nut Swamp Lane;New York, NY 10009
42832094;Luis Pellicer Fábregas;(297) 326-4044;snunez@optonline.net;4/4/1975;FALSE;FALSE;638 Jennings Street;Huntington, NY 11743
43239236;Herminio Pereira Redondo;(952) 610-9397;sarahs@mac.com;4/7/1978;FALSE;FALSE;307 Fairview Avenue;Bronx, NY 10452
35970520;Primitiva Quintero Sacristán;(773) 942-8792;mosses@yahoo.ca;19/5/1980;FALSE;FALSE;9182 Market St.;New York, NY 10011
48757294;Evangelina Esparza Mariscal;(516) 557-3412;parkes@att.net;9/11/1970;FALSE;FALSE;55 Lake Forest Drive;Bronx, NY 10457
43866273;Celia Aguiló Duran;(921) 425-7436;rgiersig@outlook.com;12/8/1986;FALSE;FALSE;1 Plymouth St.;New York, NY 10025
47274178;Olivia del Grau;(689) 655-6058;kevinm@me.com;27/9/1992;FALSE;FALSE;8279 Main Street;North Tonawanda, NY 14120
34299813;Juan Bautista Valderrama Méndez;(671) 524-5360;notaprguy@outlook.com;23/5/1971;FALSE;FALSE;918 Fordham St.;Fresh Meadows, NY 11365
36843615;Carina Cañete Alcolea;(910) 903-9965;johnh@gmail.com;23/9/1986;FALSE;FALSE;508 Cypress St.;Levittown, NY 11756
32666662;Ambrosio Calatayud Revilla;(904) 731-9687;erynf@mac.com;26/11/1999;FALSE;FALSE;24 Railroad Court;Brooklyn, NY 11212
46076627;Ildefonso de Fajardo;(455) 701-2540;jginspace@optonline.net;16/9/1974;FALSE;FALSE;634 Rockaway St.;New York, NY 10029
44258752;Edelmira Baeza-Rodriguez;(864) 567-3221;terjesa@att.net;1/9/1993;FALSE;FALSE;957 South Arcadia Street;New York, NY 10024
43511381;Socorro Castro Agustí;(241) 803-9393;hermes@optonline.net;19/8/1972;FALSE;FALSE;750 Vernon Ave.;Brooklyn, NY 11208
40026350;Calixto Ávila Pintor;(237) 839-2784;hutton@me.com;10/5/1983;FALSE;FALSE;35 Miller St.;Brooklyn, NY 11229
34815093;Severiano de Morán;(362) 504-0521;jguyer@icloud.com;31/1/1995;FALSE;FALSE;7545 Yukon Street;Brooklyn, NY 11216
39162037;Olimpia Valls Calvet;(205) 311-7938;iamcal@me.com;23/9/1989;FALSE;FALSE;75 Victoria St.;Brentwood, NY 11717
36320727;Vito del Lara;(459) 473-8039;wkrebs@icloud.com;2/11/1976;FALSE;FALSE;7654 Creek St.;Bronx, NY 10472
42657569;Teodosio Arteaga Nicolau;(956) 901-0189;msherr@mac.com;25/3/1970;FALSE;FALSE;829 Devonshire Street;Brooklyn, NY 11215
40114097;Juan Luis Amorós Calvet;(289) 371-6935;evans@hotmail.com;3/4/1985;FALSE;FALSE;48 North Arch St.;South Richmond Hill, NY 11419
33008259;Olivia del Martí;(534) 741-5424;dgriffith@sbcglobal.net;1/2/1972;FALSE;TRUE;818 North Ridge St.;Woodside, NY 11377
33339551;Nicanor Peña Tudela;(562) 803-1918;sakusha@me.com;5/8/1977;FALSE;FALSE;7 Hill Field St.;Bay Shore, NY 11706
46405490;Elena Torre Blazquez;(703) 578-2309;starstuff@live.com;13/1/1974;FALSE;FALSE;13 4th Rd.;Endicott, NY 13760
36430921;Adriana Zabala;(394) 282-3814;zeller@yahoo.com;11/11/1987;FALSE;FALSE;308 Elmwood Ave.;Brooklyn, NY 11233
34870090;Yésica Carnero;(733) 346-2538;parasite@comcast.net;29/3/1979;FALSE;FALSE;37 Sunbeam Lane;Brooklyn, NY 11223
41191209;Luis Miguel Gutierrez Llabrés;(350) 800-2197;sherzodr@aol.com;29/8/1972;FALSE;FALSE;679 Philmont St.;Brooklyn, NY 11201
47050437;Josué Salom González;(853) 698-8173;ajohnson@comcast.net;9/10/1978;FALSE;FALSE;324 Augusta St.;Auburn, NY 13021
49552004;Montserrat Tomé;(946) 694-2288;hmbrand@optonline.net;22/5/1986;FALSE;TRUE;7606 Alderwood Rd.;New York, NY 10016
32016933;Berta Izaguirre-Coll;(718) 641-6619;clkao@optonline.net;20/1/1987;FALSE;FALSE;8672 S. Mechanic Dr.;Bronx, NY 10463
42390556;Asunción Arnaiz Castellanos;(352) 826-4955;kingma@mac.com;3/9/1998;FALSE;FALSE;20 Marvon Rd.;Spring Valley, NY 10977
37044053;Nilo Porras Casas;(473) 640-7258;mahbub@mac.com;5/12/1976;FALSE;FALSE;116 Division Lane;New York, NY 10034
